zip5,zip3,city,county,type
501,5,Holtsville,Suffolk,Unique
544,5,Holtsville,Suffolk,Unique
6390,63,Fishers Island,Suffolk,P.O. Box
10001,100,New York,New York,Standard
10002,100,New York,New York,Standard
10003,100,New York,New York,Standard
10004,100,New York,New York,Standard
10005,100,New York,New York,Standard
10006,100,New York,New York,Standard
10007,100,New York,New York,Standard
10008,100,New York,New York,P.O. Box
10009,100,New York,New York,Standard
10010,100,New York,New York,Standard
10011,100,New York,New York,Standard
10012,100,New York,New York,Standard
10013,100,New York,New York,Standard
10014,100,New York,New York,Standard
10016,100,New York,New York,Standard
10017,100,New York,New York,Standard
10018,100,New York,New York,Standard
10019,100,New York,New York,Standard
10020,100,New York,New York,Standard
10021,100,New York,New York,Standard
10022,100,New York,New York,Standard
10023,100,New York,New York,Standard
10024,100,New York,New York,Standard
10025,100,New York,New York,Standard
10026,100,New York,New York,Standard
10027,100,New York,New York,Standard
10028,100,New York,New York,Standard
10029,100,New York,New York,Standard
10030,100,New York,New York,Standard
10031,100,New York,New York,Standard
10032,100,New York,New York,Standard
10033,100,New York,New York,Standard
10034,100,New York,New York,Standard
10035,100,New York,New York,Standard
10036,100,New York,New York,Standard
10037,100,New York,New York,Standard
10038,100,New York,New York,Standard
10039,100,New York,New York,Standard
10040,100,New York,New York,Standard
10041,100,New York,New York,Standard
10043,100,New York,New York,Unique
10044,100,New York,New York,Standard
10045,100,New York,New York,Standard
10055,100,New York,New York,Standard
10060,100,New York,New York,Standard
10065,100,New York,New York,Standard
10069,100,New York,New York,Standard
10075,100,New York,New York,Standard
10080,100,New York,New York,Unique
10081,100,New York,New York,Unique
10087,100,New York,New York,Unique
10090,100,New York,New York,Standard
10101,101,New York,New York,P.O. Box
10102,101,New York,New York,Unique
10103,101,New York,New York,Standard
10104,101,New York,New York,Standard
10105,101,New York,New York,Standard
10106,101,New York,New York,Standard
10107,101,New York,New York,Standard
10108,101,New York,New York,P.O. Box
10109,101,New York,New York,Unique
10110,101,New York,New York,Standard
10111,101,New York,New York,Standard
10112,101,New York,New York,Standard
10113,101,New York,New York,P.O. Box
10114,101,New York,New York,Unique
10115,101,New York,New York,Standard
10116,101,New York,New York,P.O. Box
10117,101,New York,New York,Unique
10118,101,New York,New York,Standard
10119,101,New York,New York,Standard
10120,101,New York,New York,Standard
10121,101,New York,New York,Standard
10122,101,New York,New York,Standard
10123,101,New York,New York,Standard
10124,101,New York,New York,Unique
10125,101,New York,New York,Unique
10126,101,New York,New York,Unique
10128,101,New York,New York,Standard
10129,101,New York,New York,P.O. Box
10130,101,New York,New York,Unique
10131,101,New York,New York,Unique
10132,101,New York,New York,Unique
10133,101,New York,New York,Unique
10138,101,New York,New York,Unique
10150,101,New York,New York,P.O. Box
10151,101,New York,New York,Standard
10152,101,New York,New York,Standard
10153,101,New York,New York,Standard
10154,101,New York,New York,Standard
10155,101,New York,New York,Standard
10156,101,New York,New York,P.O. Box
10157,101,New York,New York,Unique
10158,101,New York,New York,Standard
10159,101,New York,New York,P.O. Box
10160,101,New York,New York,Unique
10162,101,New York,New York,Standard
10163,101,New York,New York,P.O. Box
10164,101,New York,New York,Unique
10165,101,New York,New York,Standard
10166,101,New York,New York,Standard
10167,101,New York,New York,Standard
10168,101,New York,New York,Standard
10169,101,New York,New York,Standard
10170,101,New York,New York,Standard
10171,101,New York,New York,Standard
10172,101,New York,New York,Standard
10173,101,New York,New York,Standard
10174,101,New York,New York,Standard
10175,101,New York,New York,Standard
10176,101,New York,New York,Standard
10177,101,New York,New York,Standard
10178,101,New York,New York,Standard
10179,101,New York,New York,Unique
10185,101,New York,New York,P.O. Box
10199,101,New York,New York,Standard
10203,102,New York,New York,Unique
10211,102,New York,New York,Unique
10212,102,New York,New York,Unique
10213,102,New York,New York,Unique
10242,102,New York,New York,P.O. Box
10249,102,New York,New York,P.O. Box
10256,102,New York,New York,Unique
10258,102,New York,New York,Unique
10259,102,New York,New York,Unique
10260,102,New York,New York,Standard
10261,102,New York,New York,Unique
10265,102,New York,New York,Standard
10268,102,New York,New York,P.O. Box
10269,102,New York,New York,Unique
10270,102,New York,New York,Standard
10271,102,New York,New York,Standard
10272,102,New York,New York,P.O. Box
10273,102,New York,New York,Unique
10274,102,New York,New York,P.O. Box
10275,102,New York,New York,Unique
10276,102,New York,New York,P.O. Box
10277,102,New York,New York,Unique
10278,102,New York,New York,Standard
10279,102,New York,New York,Standard
10280,102,New York,New York,Standard
10281,102,New York,New York,Standard
10282,102,New York,New York,Standard
10285,102,New York,New York,Unique
10286,102,New York,New York,Unique
10301,103,Staten Island,Richmond,Standard
10302,103,Staten Island,Richmond,Standard
10303,103,Staten Island,Richmond,Standard
10304,103,Staten Island,Richmond,Standard
10305,103,Staten Island,Richmond,Standard
10306,103,Staten Island,Richmond,Standard
10307,103,Staten Island,Richmond,Standard
10308,103,Staten Island,Richmond,Standard
10309,103,Staten Island,Richmond,Standard
10310,103,Staten Island,Richmond,Standard
10311,103,Staten Island,Richmond,Standard
10312,103,Staten Island,Richmond,Standard
10313,103,Staten Island,Richmond,P.O. Box
10314,103,Staten Island,Richmond,Standard
10451,104,Bronx,Bronx,Standard
10452,104,Bronx,Bronx,Standard
10453,104,Bronx,Bronx,Standard
10454,104,Bronx,Bronx,Standard
10455,104,Bronx,Bronx,Standard
10456,104,Bronx,Bronx,Standard
10457,104,Bronx,Bronx,Standard
10458,104,Bronx,Bronx,Standard
10459,104,Bronx,Bronx,Standard
10460,104,Bronx,Bronx,Standard
10461,104,Bronx,Bronx,Standard
10462,104,Bronx,Bronx,Standard
10463,104,Bronx,Bronx,Standard
10464,104,Bronx,Bronx,Standard
10465,104,Bronx,Bronx,Standard
10466,104,Bronx,Bronx,Standard
10467,104,Bronx,Bronx,Standard
10468,104,Bronx,Bronx,Standard
10469,104,Bronx,Bronx,Standard
10470,104,Bronx,Bronx,Standard
10471,104,Bronx,Bronx,Standard
10472,104,Bronx,Bronx,Standard
10473,104,Bronx,Bronx,Standard
10474,104,Bronx,Bronx,Standard
10475,104,Bronx,Bronx,Standard
10501,105,Amawalk,Westchester,Standard
10502,105,Ardsley,Westchester,Standard
10503,105,Ardsley On Hudson,Westchester,P.O. Box
10504,105,Armonk,Westchester,Standard
10505,105,Baldwin Place,Westchester,Standard
10506,105,Bedford,Westchester,Standard
10507,105,Bedford Hills,Westchester,Standard
10509,105,Brewster,Putnam,Standard
10510,105,Briarcliff Manor,Westchester,Standard
10511,105,Buchanan,Westchester,Standard
10512,105,Carmel,Putnam,Standard
10514,105,Chappaqua,Westchester,Standard
10516,105,Cold Spring,Putnam,Standard
10517,105,Crompond,Westchester,P.O. Box
10518,105,Cross River,Westchester,Standard
10519,105,Croton Falls,Westchester,P.O. Box
10520,105,Croton On Hudson,Westchester,Standard
10521,105,Croton On Hudson,Westchester,P.O. Box
10522,105,Dobbs Ferry,Westchester,Standard
10523,105,Elmsford,Westchester,Standard
10524,105,Garrison,Putnam,Standard
10526,105,Goldens Bridge,Westchester,Standard
10527,105,Granite Springs,Westchester,Standard
10528,105,Harrison,Westchester,Standard
10530,105,Hartsdale,Westchester,Standard
10532,105,Hawthorne,Westchester,Standard
10533,105,Irvington,Westchester,Standard
10535,105,Jefferson Valley,Westchester,Standard
10536,105,Katonah,Westchester,Standard
10537,105,Lake Peekskill,Putnam,Standard
10538,105,Larchmont,Westchester,Standard
10540,105,Lincolndale,Westchester,P.O. Box
10541,105,Mahopac,Putnam,Standard
10542,105,Mahopac Falls,Putnam,P.O. Box
10543,105,Mamaroneck,Westchester,Standard
10545,105,Maryknoll,Westchester,P.O. Box
10546,105,Millwood,Westchester,Standard
10547,105,Mohegan Lake,Westchester,Standard
10548,105,Montrose,Westchester,Standard
10549,105,Mount Kisco,Westchester,Standard
10550,105,Mount Vernon,Westchester,Standard
10551,105,Mount Vernon,Westchester,P.O. Box
10552,105,Mount Vernon,Westchester,Standard
10553,105,Mount Vernon,Westchester,Standard
10560,105,North Salem,Westchester,Standard
10562,105,Ossining,Westchester,Standard
10566,105,Peekskill,Westchester,Standard
10567,105,Cortlandt Manor,Westchester,Standard
10570,105,Pleasantville,Westchester,Standard
10573,105,Port Chester,Westchester,Standard
10576,105,Pound Ridge,Westchester,Standard
10577,105,Purchase,Westchester,Standard
10578,105,Purdys,Westchester,Standard
10579,105,Putnam Valley,Putnam,Standard
10580,105,Rye,Westchester,Standard
10583,105,Scarsdale,Westchester,Standard
10587,105,Shenorock,Westchester,P.O. Box
10588,105,Shrub Oak,Westchester,Standard
10589,105,Somers,Westchester,Standard
10590,105,South Salem,Westchester,Standard
10591,105,Tarrytown,Westchester,Standard
10594,105,Thornwood,Westchester,Standard
10595,105,Valhalla,Westchester,Standard
10596,105,Verplanck,Westchester,P.O. Box
10597,105,Waccabuc,Westchester,Standard
10598,105,Yorktown Heights,Westchester,Standard
10601,106,White Plains,Westchester,Standard
10602,106,White Plains,Westchester,P.O. Box
10603,106,White Plains,Westchester,Standard
10604,106,West Harrison,Westchester,Standard
10605,106,White Plains,Westchester,Standard
10606,106,White Plains,Westchester,Standard
10607,106,White Plains,Westchester,Standard
10610,106,White Plains,Westchester,P.O. Box
10701,107,Yonkers,Westchester,Standard
10702,107,Yonkers,Westchester,P.O. Box
10703,107,Yonkers,Westchester,Standard
10704,107,Yonkers,Westchester,Standard
10705,107,Yonkers,Westchester,Standard
10706,107,Hastings On Hudson,Westchester,Standard
10707,107,Tuckahoe,Westchester,Standard
10708,107,Bronxville,Westchester,Standard
10709,107,Eastchester,Westchester,Standard
10710,107,Yonkers,Westchester,Standard
10801,108,New Rochelle,Westchester,Standard
10802,108,New Rochelle,Westchester,P.O. Box
10803,108,Pelham,Westchester,Standard
10804,108,New Rochelle,Westchester,Standard
10805,108,New Rochelle,Westchester,Standard
10901,109,Suffern,Rockland,Standard
10910,109,Arden,Orange,P.O. Box
10911,109,Bear Mountain,Rockland,Standard
10912,109,Bellvale,Orange,P.O. Box
10913,109,Blauvelt,Rockland,Standard
10914,109,Blooming Grove,Orange,P.O. Box
10915,109,Bullville,Orange,P.O. Box
10916,109,Campbell Hall,Orange,Standard
10917,109,Central Valley,Orange,Standard
10918,109,Chester,Orange,Standard
10919,109,Circleville,Orange,Standard
10920,109,Congers,Rockland,Standard
10921,109,Florida,Orange,Standard
10922,109,Fort Montgomery,Orange,P.O. Box
10923,109,Garnerville,Rockland,Standard
10924,109,Goshen,Orange,Standard
10925,109,Greenwood Lake,Orange,Standard
10926,109,Harriman,Orange,Standard
10927,109,Haverstraw,Rockland,Standard
10928,109,Highland Falls,Orange,Standard
10930,109,Highland Mills,Orange,Standard
10931,109,Hillburn,Rockland,Standard
10932,109,Howells,Orange,P.O. Box
10933,109,Johnson,Orange,P.O. Box
10940,109,Middletown,Orange,Standard
10941,109,Middletown,Orange,Standard
10949,109,Monroe,Orange,P.O. Box
10950,109,Monroe,Orange,Standard
10952,109,Monsey,Rockland,Standard
10953,109,Mountainville,Orange,P.O. Box
10954,109,Nanuet,Rockland,Standard
10956,109,New City,Rockland,Standard
10958,109,New Hampton,Orange,Standard
10959,109,New Milford,Orange,P.O. Box
10960,109,Grandview On Hudson,Rockland,Standard
10960,109,Nyack,Rockland,Standard
10962,109,Orangeburg,Rockland,Standard
10963,109,Otisville,Orange,Standard
10964,109,Palisades,Rockland,Standard
10965,109,Pearl River,Rockland,Standard
10968,109,Piermont,Rockland,Standard
10969,109,Pine Island,Orange,Standard
10970,109,Pomona,Rockland,Standard
10973,109,Slate Hill,Orange,Standard
10974,109,Sloatsburg,Rockland,Standard
10975,109,Southfields,Orange,Standard
10976,109,Sparkill,Rockland,Standard
10977,109,Spring Valley,Rockland,Standard
10979,109,Sterling Forest,Orange,P.O. Box
10980,109,Stony Point,Rockland,Standard
10981,109,Sugar Loaf,Orange,P.O. Box
10982,109,Tallman,Rockland,P.O. Box
10983,109,Tappan,Rockland,Standard
10984,109,Thiells,Rockland,Standard
10985,109,Thompson Ridge,Orange,Standard
10986,109,Tomkins Cove,Rockland,Standard
10987,109,Tuxedo Park,Orange,Standard
10988,109,Unionville,Orange,P.O. Box
10989,109,Valley Cottage,Rockland,Standard
10990,109,Warwick,Orange,Standard
10992,109,Washingtonville,Orange,Standard
10993,109,West Haverstraw,Rockland,Standard
10994,109,West Nyack,Rockland,Standard
10996,109,West Point,Orange,Standard
10997,109,West Point,Orange,P.O. Box
10998,109,Westtown,Orange,Standard
11001,110,Bellerose Village,Nassau,Standard
11001,110,Floral Park,Nassau,Standard
11001,110,South Floral Park,Nassau,Standard
11002,110,Floral Park,Nassau,P.O. Box
11003,110,Elmont,Nassau,Standard
11004,110,Glen Oaks,Queens,Standard
11005,110,Floral Park,Queens,Standard
11010,110,Franklin Square,Nassau,Standard
11020,110,Great Neck,Nassau,Standard
11021,110,Great Neck,Nassau,Standard
11022,110,Great Neck,Nassau,P.O. Box
11023,110,Great Neck,Nassau,Standard
11024,110,Great Neck,Nassau,Standard
11026,110,Great Neck,Nassau,P.O. Box
11027,110,Great Neck,Nassau,P.O. Box
11030,110,Manhasset,Nassau,Standard
11040,110,New Hyde Park,Nassau,Standard
11042,110,New Hyde Park,Nassau,Standard
11050,110,Port Washington,Nassau,Standard
11051,110,Port Washington,Nassau,Unique
11052,110,Port Washington,Nassau,Unique
11053,110,Port Washington,Nassau,Unique
11054,110,Port Washington,Nassau,Unique
11055,110,Port Washington,Nassau,Unique
11096,110,Inwood,Nassau,Standard
11101,111,Long Island City,Queens,Standard
11102,111,Astoria,Queens,Standard
11103,111,Astoria,Queens,Standard
11104,111,Sunnyside,Queens,Standard
11105,111,Astoria,Queens,Standard
11106,111,Astoria,Queens,Standard
11109,111,Long Island City,Queens,Standard
11120,111,Long Island City,Queens,Unique
11201,112,Brooklyn,Kings,Standard
11202,112,Brooklyn,Kings,P.O. Box
11203,112,Brooklyn,Kings,Standard
11204,112,Brooklyn,Kings,Standard
11205,112,Brooklyn,Kings,Standard
11206,112,Brooklyn,Kings,Standard
11207,112,Brooklyn,Kings,Standard
11208,112,Brooklyn,Kings,Standard
11209,112,Brooklyn,Kings,Standard
11210,112,Brooklyn,Kings,Standard
11211,112,Brooklyn,Kings,Standard
11212,112,Brooklyn,Kings,Standard
11213,112,Brooklyn,Kings,Standard
11214,112,Brooklyn,Kings,Standard
11215,112,Brooklyn,Kings,Standard
11216,112,Brooklyn,Kings,Standard
11217,112,Brooklyn,Kings,Standard
11218,112,Brooklyn,Kings,Standard
11219,112,Brooklyn,Kings,Standard
11220,112,Brooklyn,Kings,Standard
11221,112,Brooklyn,Kings,Standard
11222,112,Brooklyn,Kings,Standard
11223,112,Brooklyn,Kings,Standard
11224,112,Brooklyn,Kings,Standard
11225,112,Brooklyn,Kings,Standard
11226,112,Brooklyn,Kings,Standard
11228,112,Brooklyn,Kings,Standard
11229,112,Brooklyn,Kings,Standard
11230,112,Brooklyn,Kings,Standard
11231,112,Brooklyn,Kings,Standard
11232,112,Brooklyn,Kings,Standard
11233,112,Brooklyn,Kings,Standard
11234,112,Brooklyn,Kings,Standard
11235,112,Brooklyn,Kings,Standard
11236,112,Brooklyn,Kings,Standard
11237,112,Brooklyn,Kings,Standard
11238,112,Brooklyn,Kings,Standard
11239,112,Brooklyn,Kings,Standard
11241,112,Brooklyn,Kings,Standard
11242,112,Brooklyn,Kings,Standard
11243,112,Brooklyn,Kings,Standard
11245,112,Brooklyn,Kings,Unique
11247,112,Brooklyn,Kings,P.O. Box
11249,112,Brooklyn,Kings,Standard
11251,112,Brooklyn,Kings,Unique
11252,112,Brooklyn,Kings,Standard
11256,112,Brooklyn,Kings,Standard
11351,113,Flushing,Queens,Standard
11352,113,Flushing,Queens,P.O. Box
11354,113,Flushing,Queens,Standard
11355,113,Flushing,Queens,Standard
11356,113,College Point,Queens,Standard
11357,113,Whitestone,Queens,Standard
11358,113,Flushing,Queens,Standard
11359,113,Bayside,Queens,Standard
11360,113,Bayside,Queens,Standard
11361,113,Bayside,Queens,Standard
11362,113,Little Neck,Queens,Standard
11363,113,Little Neck,Queens,Standard
11364,113,Oakland Gardens,Queens,Standard
11365,113,Fresh Meadows,Queens,Standard
11366,113,Fresh Meadows,Queens,Standard
11367,113,Flushing,Queens,Standard
11368,113,Corona,Queens,Standard
11369,113,East Elmhurst,Queens,Standard
11370,113,East Elmhurst,Queens,Standard
11371,113,Flushing,Queens,Standard
11372,113,Jackson Heights,Queens,Standard
11373,113,Elmhurst,Queens,Standard
11374,113,Rego Park,Queens,Standard
11375,113,Forest Hills,Queens,Standard
11377,113,Woodside,Queens,Standard
11378,113,Maspeth,Queens,Standard
11379,113,Middle Village,Queens,Standard
11380,113,Elmhurst,Queens,P.O. Box
11381,113,Flushing,Queens,Unique
11385,113,Ridgewood,Queens,Standard
11386,113,Ridgewood,Queens,P.O. Box
11405,114,Jamaica,Queens,Unique
11411,114,Cambria Heights,Queens,Standard
11412,114,Saint Albans,Queens,Standard
11413,114,Springfield Gardens,Queens,Standard
11414,114,Howard Beach,Queens,Standard
11415,114,Kew Gardens,Queens,Standard
11416,114,Ozone Park,Queens,Standard
11417,114,Ozone Park,Queens,Standard
11418,114,Richmond Hill,Queens,Standard
11419,114,South Richmond Hill,Queens,Standard
11420,114,South Ozone Park,Queens,Standard
11421,114,Woodhaven,Queens,Standard
11422,114,Rosedale,Queens,Standard
11423,114,Hollis,Queens,Standard
11424,114,Jamaica,Queens,P.O. Box
11425,114,Jamaica,Queens,Unique
11426,114,Bellerose,Queens,Standard
11427,114,Queens Village,Queens,Standard
11428,114,Queens Village,Queens,Standard
11429,114,Queens Village,Queens,Standard
11430,114,Jamaica,Queens,Standard
11431,114,Jamaica,Queens,P.O. Box
11432,114,Jamaica,Queens,Standard
11433,114,Jamaica,Queens,Standard
11434,114,Jamaica,Queens,Standard
11435,114,Jamaica,Queens,Standard
11436,114,Jamaica,Queens,Standard
11437,114,Jamaica,Queens,Unique
11439,114,Jamaica,Queens,Unique
11451,114,Jamaica,Queens,Unique
11499,114,Jamaica,Queens,Unique
11501,115,Mineola,Nassau,Standard
11507,115,Albertson,Nassau,Standard
11509,115,Atlantic Beach,Nassau,Standard
11510,115,Baldwin,Nassau,Standard
11514,115,Carle Place,Nassau,Standard
11516,115,Cedarhurst,Nassau,Standard
11518,115,East Rockaway,Nassau,Standard
11520,115,Freeport,Nassau,Standard
11530,115,Garden City,Nassau,Standard
11531,115,Garden City,Nassau,P.O. Box
11542,115,Glen Cove,Nassau,Standard
11545,115,Glen Head,Nassau,Standard
11547,115,Glenwood Landing,Nassau,P.O. Box
11548,115,Greenvale,Nassau,Standard
11549,115,Hempstead,Nassau,Unique
11550,115,Hempstead,Nassau,Standard
11551,115,Hempstead,Nassau,P.O. Box
11552,115,West Hempstead,Nassau,Standard
11553,115,Uniondale,Nassau,Standard
11554,115,East Meadow,Nassau,Standard
11555,115,Uniondale,Nassau,Unique
11556,115,Uniondale,Nassau,Standard
11557,115,Hewlett,Nassau,Standard
11558,115,Island Park,Nassau,Standard
11559,115,Lawrence,Nassau,Standard
11560,115,Locust Valley,Nassau,Standard
11561,115,Long Beach,Nassau,Standard
11563,115,Lynbrook,Nassau,Standard
11565,115,Malverne,Nassau,Standard
11566,115,Merrick,Nassau,Standard
11568,115,Old Westbury,Nassau,Standard
11569,115,Point Lookout,Nassau,P.O. Box
11570,115,Rockville Centre,Nassau,Standard
11571,115,Rockville Centre,Nassau,P.O. Box
11572,115,Oceanside,Nassau,Standard
11575,115,Roosevelt,Nassau,Standard
11576,115,Roslyn,Nassau,Standard
11577,115,Roslyn Heights,Nassau,Standard
11579,115,Sea Cliff,Nassau,Standard
11580,115,Valley Stream,Nassau,Standard
11581,115,Valley Stream,Nassau,Standard
11582,115,Valley Stream,Nassau,P.O. Box
11590,115,Westbury,Nassau,Standard
11596,115,Williston Park,Nassau,Standard
11598,115,Woodmere,Nassau,Standard
11599,115,Garden City,Nassau,Standard
11690,116,Far Rockaway,Queens,P.O. Box
11691,116,Far Rockaway,Queens,Standard
11692,116,Arverne,Queens,Standard
11693,116,Far Rockaway,Queens,Standard
11694,116,Rockaway Park,Queens,Standard
11695,116,Far Rockaway,Queens,P.O. Box
11697,116,Breezy Point,Queens,Standard
11701,117,Amityville,Suffolk,Standard
11702,117,Babylon,Suffolk,Standard
11703,117,North Babylon,Suffolk,Standard
11704,117,West Babylon,Suffolk,Standard
11705,117,Bayport,Suffolk,Standard
11706,117,Bay Shore,Suffolk,Standard
11707,117,West Babylon,Suffolk,P.O. Box
11709,117,Bayville,Nassau,Standard
11710,117,Bellmore,Nassau,Standard
11713,117,Bellport,Suffolk,Standard
11714,117,Bethpage,Nassau,Standard
11715,117,Blue Point,Suffolk,Standard
11716,117,Bohemia,Suffolk,Standard
11717,117,Brentwood,Suffolk,Standard
11718,117,Brightwaters,Suffolk,Standard
11719,117,Brookhaven,Suffolk,Standard
11720,117,Centereach,Suffolk,Standard
11721,117,Centerport,Suffolk,Standard
11722,117,Central Islip,Suffolk,Standard
11724,117,Cold Spring Harbor,Suffolk,Standard
11725,117,Commack,Suffolk,Standard
11726,117,Copiague,Suffolk,Standard
11727,117,Coram,Suffolk,Standard
11729,117,Deer Park,Suffolk,Standard
11730,117,East Islip,Suffolk,Standard
11731,117,East Northport,Suffolk,Standard
11732,117,East Norwich,Nassau,Standard
11733,117,East Setauket,Suffolk,Standard
11735,117,Farmingdale,Nassau,Standard
11737,117,Farmingdale,Nassau,Standard
11738,117,Farmingville,Suffolk,Standard
11739,117,Great River,Suffolk,P.O. Box
11740,117,Greenlawn,Suffolk,Standard
11741,117,Holbrook,Suffolk,Standard
11742,117,Holtsville,Suffolk,Standard
11743,117,Huntington,Suffolk,Standard
11746,117,Huntington Station,Suffolk,Standard
11747,117,Melville,Suffolk,Standard
11749,117,Islandia,Suffolk,Standard
11751,117,Islip,Suffolk,Standard
11752,117,Islip Terrace,Suffolk,Standard
11753,117,Jericho,Nassau,Standard
11754,117,Kings Park,Suffolk,Standard
11755,117,Lake Grove,Suffolk,Standard
11756,117,Levittown,Nassau,Standard
11757,117,Lindenhurst,Suffolk,Standard
11758,117,Massapequa,Nassau,Standard
11760,117,Melville,Suffolk,P.O. Box
11762,117,Massapequa Park,Nassau,Standard
11763,117,Medford,Suffolk,Standard
11764,117,Miller Place,Suffolk,Standard
11765,117,Mill Neck,Nassau,Standard
11766,117,Mount Sinai,Suffolk,Standard
11767,117,Nesconset,Suffolk,Standard
11768,117,Northport,Suffolk,Standard
11769,117,Oakdale,Suffolk,Standard
11770,117,Ocean Beach,Suffolk,P.O. Box
11771,117,Oyster Bay,Nassau,Standard
11772,117,Patchogue,Suffolk,Standard
11773,117,Melville,Suffolk,Unique
11775,117,Melville,Suffolk,Unique
11776,117,Port Jefferson Station,Suffolk,Standard
11777,117,Port Jefferson,Suffolk,Standard
11778,117,Rocky Point,Suffolk,Standard
11779,117,Ronkonkoma,Suffolk,Standard
11780,117,Saint James,Suffolk,Standard
11782,117,Sayville,Suffolk,Standard
11783,117,Seaford,Nassau,Standard
11784,117,Selden,Suffolk,Standard
11786,117,Shoreham,Suffolk,Standard
11787,117,Smithtown,Suffolk,Standard
11788,117,Hauppauge,Suffolk,Standard
11789,117,Sound Beach,Suffolk,Standard
11790,117,Stony Brook,Suffolk,Standard
11791,117,Syosset,Nassau,Standard
11792,117,Wading River,Suffolk,Standard
11793,117,Wantagh,Nassau,Standard
11794,117,Stony Brook,Suffolk,Unique
11795,117,West Islip,Suffolk,Standard
11796,117,West Sayville,Suffolk,Standard
11797,117,Woodbury,Nassau,Standard
11798,117,Wyandanch,Suffolk,Standard
11801,118,Hicksville,Nassau,Standard
11802,118,Hicksville,Nassau,P.O. Box
11803,118,Plainview,Nassau,Standard
11804,118,Old Bethpage,Nassau,Standard
11815,118,Hicksville,Nassau,Unique
11853,118,Jericho,Nassau,Unique
11901,119,Riverhead,Suffolk,Standard
11930,119,Amagansett,Suffolk,P.O. Box
11931,119,Aquebogue,Suffolk,P.O. Box
11932,119,Bridgehampton,Suffolk,P.O. Box
11933,119,Calverton,Suffolk,Standard
11934,119,Center Moriches,Suffolk,Standard
11935,119,Cutchogue,Suffolk,Standard
11937,119,East Hampton,Suffolk,Standard
11939,119,East Marion,Suffolk,Standard
11940,119,East Moriches,Suffolk,Standard
11941,119,Eastport,Suffolk,Standard
11942,119,East Quogue,Suffolk,Standard
11944,119,Greenport,Suffolk,Standard
11946,119,Hampton Bays,Suffolk,Standard
11947,119,Jamesport,Suffolk,P.O. Box
11948,119,Laurel,Suffolk,Standard
11949,119,Manorville,Suffolk,Standard
11950,119,Mastic,Suffolk,Standard
11951,119,Mastic Beach,Suffolk,Standard
11952,119,Mattituck,Suffolk,Standard
11953,119,Middle Island,Suffolk,Standard
11954,119,Montauk,Suffolk,Standard
11955,119,Moriches,Suffolk,Standard
11956,119,New Suffolk,Suffolk,P.O. Box
11957,119,Orient,Suffolk,Standard
11958,119,Peconic,Suffolk,Standard
11959,119,Quogue,Suffolk,P.O. Box
11960,119,Remsenburg,Suffolk,P.O. Box
11961,119,Ridge,Suffolk,Standard
11962,119,Sagaponack,Suffolk,P.O. Box
11963,119,Sag Harbor,Suffolk,Standard
11964,119,Shelter Island,Suffolk,P.O. Box
11965,119,Shelter Island Heights,Suffolk,P.O. Box
11967,119,Shirley,Suffolk,Standard
11968,119,Southampton,Suffolk,Standard
11969,119,Southampton,Suffolk,P.O. Box
11970,119,South Jamesport,Suffolk,P.O. Box
11971,119,Southold,Suffolk,Standard
11972,119,Speonk,Suffolk,P.O. Box
11973,119,Upton,Suffolk,P.O. Box
11975,119,Wainscott,Suffolk,P.O. Box
11976,119,Water Mill,Suffolk,Standard
11977,119,Westhampton,Suffolk,Standard
11978,119,Westhampton Beach,Suffolk,Standard
11980,119,Yaphank,Suffolk,Standard
12007,120,Alcove,Albany,Standard
12008,120,Alplaus,Schenectady,Standard
12009,120,Altamont,Albany,Standard
12010,120,Amsterdam,Montgomery,Standard
12015,120,Athens,Greene,Standard
12016,120,Auriesville,Montgomery,Standard
12017,120,Austerlitz,Columbia,Standard
12018,120,Averill Park,Rensselaer,Standard
12019,120,Ballston Lake,Saratoga,Standard
12020,120,Ballston Spa,Saratoga,Standard
12022,120,Berlin,Rensselaer,Standard
12023,120,Berne,Albany,Standard
12024,120,Brainard,Rensselaer,Standard
12025,120,Broadalbin,Fulton,Standard
12027,120,Burnt Hills,Saratoga,Standard
12028,120,Buskirk,Washington,Standard
12029,120,Canaan,Columbia,Standard
12031,120,Carlisle,Schoharie,Standard
12032,120,Caroga Lake,Fulton,Standard
12033,120,Castleton On Hudson,Rensselaer,Standard
12035,120,Central Bridge,Schoharie,Standard
12036,120,Charlotteville,Schoharie,Standard
12037,120,Chatham,Columbia,Standard
12040,120,Cherry Plain,Rensselaer,P.O. Box
12041,120,Clarksville,Albany,Standard
12042,120,Climax,Greene,Standard
12043,120,Cobleskill,Schoharie,Standard
12045,120,Coeymans,Albany,P.O. Box
12046,120,Coeymans Hollow,Albany,Standard
12047,120,Cohoes,Albany,Standard
12050,120,Columbiaville,Columbia,P.O. Box
12051,120,Coxsackie,Greene,Standard
12052,120,Cropseyville,Rensselaer,Standard
12053,120,Delanson,Schenectady,Standard
12054,120,Delmar,Albany,Standard
12055,120,Dormansville,Albany,Standard
12056,120,Duanesburg,Schenectady,Standard
12057,120,Eagle Bridge,Rensselaer,Standard
12058,120,Earlton,Greene,Standard
12059,120,East Berne,Albany,Standard
12060,120,East Chatham,Columbia,Standard
12061,120,East Greenbush,Rensselaer,Standard
12062,120,East Nassau,Rensselaer,Standard
12063,120,East Schodack,Rensselaer,Standard
12064,120,East Worcester,Otsego,Standard
12065,120,Clifton Park,Saratoga,Standard
12066,120,Esperance,Montgomery,Standard
12067,120,Feura Bush,Albany,Standard
12068,120,Fonda,Montgomery,Standard
12069,120,Fort Hunter,Montgomery,P.O. Box
12070,120,Fort Johnson,Montgomery,Standard
12071,120,Fultonham,Schoharie,Standard
12072,120,Fultonville,Montgomery,Standard
12073,120,Gallupville,Schoharie,P.O. Box
12074,120,Galway,Saratoga,Standard
12075,120,Ghent,Columbia,Standard
12076,120,Gilboa,Schoharie,Standard
12077,120,Glenmont,Albany,Standard
12078,120,Gloversville,Fulton,Standard
12082,120,Grafton,Rensselaer,P.O. Box
12083,120,Greenville,Greene,Standard
12084,120,Guilderland,Albany,Standard
12085,120,Guilderland Center,Albany,Standard
12086,120,Hagaman,Montgomery,Standard
12087,120,Hannacroix,Greene,Standard
12089,120,Hoosick,Rensselaer,P.O. Box
12090,120,Hoosick Falls,Rensselaer,Standard
12092,120,Howes Cave,Schoharie,Standard
12093,120,Jefferson,Schoharie,Standard
12094,120,Johnsonville,Rensselaer,Standard
12095,120,Johnstown,Fulton,Standard
12106,121,Kinderhook,Columbia,Standard
12107,121,Knox,Albany,P.O. Box
12108,121,Lake Pleasant,Hamilton,Standard
12110,121,Latham,Albany,Standard
12115,121,Malden Bridge,Columbia,Standard
12116,121,Maryland,Otsego,Standard
12117,121,Mayfield,Fulton,Standard
12118,121,Mechanicville,Saratoga,Standard
12120,121,Medusa,Albany,Standard
12121,121,Melrose,Rensselaer,Standard
12122,121,Middleburgh,Schoharie,Standard
12123,121,Nassau,Rensselaer,Standard
12124,121,New Baltimore,Greene,P.O. Box
12125,121,New Lebanon,Columbia,Standard
12128,121,Newtonville,Albany,P.O. Box
12130,121,Niverville,Columbia,Standard
12131,121,North Blenheim,Schoharie,Standard
12132,121,North Chatham,Columbia,P.O. Box
12133,121,North Hoosick,Rensselaer,P.O. Box
12134,121,Northville,Fulton,Standard
12136,121,Old Chatham,Columbia,Standard
12137,121,Pattersonville,Schenectady,Standard
12138,121,Petersburg,Rensselaer,Standard
12139,121,Piseco,Hamilton,Standard
12140,121,Poestenkill,Rensselaer,Standard
12141,121,Quaker Street,Schenectady,P.O. Box
12143,121,Ravena,Albany,Standard
12144,121,Rensselaer,Rensselaer,Standard
12147,121,Rensselaerville,Albany,Standard
12148,121,Rexford,Saratoga,Standard
12149,121,Richmondville,Schoharie,Standard
12150,121,Rotterdam Junction,Schenectady,Standard
12151,121,Round Lake,Saratoga,Standard
12153,121,Sand Lake,Rensselaer,Standard
12154,121,Schaghticoke,Rensselaer,Standard
12155,121,Schenevus,Otsego,Standard
12156,121,Schodack Landing,Rensselaer,Standard
12157,121,Schoharie,Schoharie,Standard
12158,121,Selkirk,Albany,Standard
12159,121,Slingerlands,Albany,Standard
12160,121,Sloansville,Schoharie,Standard
12161,121,South Bethlehem,Albany,P.O. Box
12164,121,Speculator,Hamilton,Standard
12165,121,Spencertown,Columbia,Standard
12166,121,Sprakers,Montgomery,Standard
12167,121,Stamford,Delaware,Standard
12168,121,Stephentown,Rensselaer,Standard
12169,121,Stephentown,Rensselaer,Standard
12170,121,Stillwater,Saratoga,Standard
12172,121,Stottville,Columbia,P.O. Box
12173,121,Stuyvesant,Columbia,Standard
12174,121,Stuyvesant Falls,Columbia,P.O. Box
12175,121,Summit,Schoharie,Standard
12176,121,Surprise,Greene,Standard
12177,121,Tribes Hill,Montgomery,P.O. Box
12180,121,Troy,Rensselaer,Standard
12181,121,Troy,Rensselaer,P.O. Box
12182,121,Troy,Rensselaer,Standard
12183,121,Troy,Albany,Standard
12184,121,Valatie,Columbia,Standard
12185,121,Valley Falls,Rensselaer,Standard
12186,121,Voorheesville,Albany,Standard
12187,121,Warnerville,Schoharie,Standard
12188,121,Waterford,Saratoga,Standard
12189,121,Watervliet,Albany,Standard
12190,121,Wells,Hamilton,Standard
12192,121,West Coxsackie,Greene,Standard
12193,121,Westerlo,Albany,Standard
12194,121,West Fulton,Schoharie,Standard
12195,121,West Lebanon,Columbia,P.O. Box
12196,121,West Sand Lake,Rensselaer,Standard
12197,121,Worcester,Otsego,Standard
12198,121,Wynantskill,Rensselaer,Standard
12201,122,Albany,Albany,P.O. Box
12202,122,Albany,Albany,Standard
12203,122,Albany,Albany,Standard
12204,122,Albany,Albany,Standard
12205,122,Albany,Albany,Standard
12206,122,Albany,Albany,Standard
12207,122,Albany,Albany,Standard
12208,122,Albany,Albany,Standard
12209,122,Albany,Albany,Standard
12210,122,Albany,Albany,Standard
12211,122,Albany,Albany,Standard
12212,122,Albany,Albany,P.O. Box
12214,122,Albany,Albany,Unique
12220,122,Albany,Albany,P.O. Box
12222,122,Albany,Albany,Unique
12223,122,Albany,Albany,Standard
12224,122,Albany,Albany,P.O. Box
12225,122,Albany,Albany,P.O. Box
12226,122,Albany,Albany,Standard
12227,122,Albany,Albany,Unique
12228,122,Albany,Albany,Unique
12229,122,Albany,Albany,Unique
12230,122,Albany,Albany,Unique
12231,122,Albany,Albany,Unique
12232,122,Albany,Albany,Unique
12233,122,Albany,Albany,Unique
12234,122,Albany,Albany,Unique
12235,122,Albany,Albany,Unique
12236,122,Albany,Albany,Unique
12237,122,Albany,Albany,Unique
12238,122,Albany,Albany,Unique
12239,122,Albany,Albany,Unique
12240,122,Albany,Albany,Unique
12241,122,Albany,Albany,Unique
12242,122,Albany,Albany,Unique
12243,122,Albany,Albany,Unique
12244,122,Albany,Albany,Unique
12245,122,Albany,Albany,Unique
12246,122,Albany,Albany,Unique
12247,122,Albany,Albany,Unique
12248,122,Albany,Albany,Unique
12249,122,Albany,Albany,Unique
12250,122,Albany,Albany,Unique
12255,122,Albany,Albany,Unique
12257,122,Albany,Albany,Unique
12260,122,Albany,Albany,Standard
12261,122,Albany,Albany,Unique
12288,122,Albany,Albany,Unique
12301,123,Schenectady,Schenectady,P.O. Box
12302,123,Schenectady,Schenectady,Standard
12303,123,Schenectady,Schenectady,Standard
12304,123,Schenectady,Schenectady,Standard
12305,123,Schenectady,Schenectady,Standard
12306,123,Schenectady,Schenectady,Standard
12307,123,Schenectady,Schenectady,Standard
12308,123,Schenectady,Schenectady,Standard
12309,123,Schenectady,Schenectady,Standard
12325,123,Schenectady,Schenectady,P.O. Box
12345,123,Schenectady,Schenectady,Unique
12401,124,Kingston,Ulster,Standard
12402,124,Kingston,Ulster,P.O. Box
12404,124,Accord,Ulster,Standard
12405,124,Acra,Greene,Standard
12406,124,Arkville,Delaware,Standard
12407,124,Ashland,Greene,Standard
12409,124,Bearsville,Ulster,Standard
12410,124,Big Indian,Ulster,Standard
12411,124,Bloomington,Ulster,Standard
12412,124,Boiceville,Ulster,Standard
12413,124,Cairo,Greene,Standard
12414,124,Catskill,Greene,Standard
12416,124,Chichester,Ulster,Standard
12417,124,Connelly,Ulster,P.O. Box
12418,124,Cornwallville,Greene,Standard
12419,124,Cottekill,Ulster,Standard
12420,124,Cragsmoor,Ulster,P.O. Box
12421,124,Denver,Delaware,Standard
12422,124,Durham,Greene,Standard
12423,124,East Durham,Greene,Standard
12424,124,East Jewett,Greene,Standard
12427,124,Elka Park,Greene,Standard
12428,124,Ellenville,Ulster,Standard
12429,124,Esopus,Ulster,P.O. Box
12430,124,Fleischmanns,Delaware,Standard
12431,124,Freehold,Greene,Standard
12432,124,Glasco,Ulster,P.O. Box
12433,124,Glenford,Ulster,Standard
12434,124,Grand Gorge,Delaware,Standard
12435,124,Greenfield Park,Ulster,Standard
12436,124,Haines Falls,Greene,P.O. Box
12438,124,Halcottsville,Delaware,P.O. Box
12439,124,Hensonville,Greene,Standard
12440,124,High Falls,Ulster,Standard
12441,124,Highmount,Ulster,P.O. Box
12442,124,Hunter,Greene,Standard
12443,124,Hurley,Ulster,Standard
12444,124,Jewett,Greene,Standard
12446,124,Kerhonkson,Ulster,Standard
12448,124,Lake Hill,Ulster,Standard
12449,124,Lake Katrine,Ulster,Standard
12450,124,Lanesville,Greene,Standard
12451,124,Leeds,Greene,Standard
12452,124,Lexington,Greene,P.O. Box
12453,124,Malden On Hudson,Ulster,P.O. Box
12454,124,Maplecrest,Greene,Standard
12455,124,Margaretville,Delaware,Standard
12456,124,Mount Marion,Ulster,Standard
12457,124,Mount Tremper,Ulster,Standard
12458,124,Napanoch,Ulster,Standard
12459,124,New Kingston,Delaware,P.O. Box
12460,124,Oak Hill,Greene,Standard
12461,124,Olivebridge,Ulster,Standard
12463,124,Palenville,Greene,Standard
12464,124,Phoenicia,Ulster,Standard
12465,124,Pine Hill,Ulster,Standard
12466,124,Port Ewen,Ulster,Standard
12468,124,Prattsville,Greene,Standard
12469,124,Preston Hollow,Albany,Standard
12470,124,Purling,Greene,Standard
12471,124,Rifton,Ulster,P.O. Box
12472,124,Rosendale,Ulster,Standard
12473,124,Round Top,Greene,Standard
12474,124,Roxbury,Delaware,Standard
12475,124,Ruby,Ulster,P.O. Box
12477,124,Saugerties,Ulster,Standard
12480,124,Shandaken,Ulster,Standard
12481,124,Shokan,Ulster,Standard
12482,124,South Cairo,Greene,Standard
12483,124,Spring Glen,Ulster,P.O. Box
12484,124,Stone Ridge,Ulster,Standard
12485,124,Tannersville,Greene,Standard
12486,124,Tillson,Ulster,Standard
12487,124,Ulster Park,Ulster,Standard
12489,124,Wawarsing,Ulster,P.O. Box
12490,124,West Camp,Ulster,P.O. Box
12491,124,West Hurley,Ulster,Standard
12492,124,West Kill,Greene,Standard
12493,124,West Park,Ulster,P.O. Box
12494,124,West Shokan,Ulster,Standard
12495,124,Willow,Ulster,Standard
12496,124,Windham,Greene,Standard
12498,124,Woodstock,Ulster,Standard
12501,125,Amenia,Dutchess,Standard
12502,125,Ancram,Columbia,Standard
12503,125,Ancramdale,Columbia,Standard
12504,125,Annandale On Hudson,Dutchess,P.O. Box
12506,125,Bangall,Dutchess,P.O. Box
12507,125,Barrytown,Dutchess,Standard
12508,125,Beacon,Dutchess,Standard
12510,125,Billings,Dutchess,P.O. Box
12511,125,Castle Point,Dutchess,P.O. Box
12512,125,Chelsea,Dutchess,P.O. Box
12513,125,Claverack,Columbia,Standard
12514,125,Clinton Corners,Dutchess,Standard
12515,125,Clintondale,Ulster,Standard
12516,125,Copake,Columbia,Standard
12517,125,Copake Falls,Columbia,Standard
12518,125,Cornwall,Orange,Standard
12520,125,Cornwall On Hudson,Orange,Standard
12521,125,Craryville,Columbia,Standard
12522,125,Dover Plains,Dutchess,Standard
12523,125,Elizaville,Columbia,Standard
12524,125,Fishkill,Dutchess,Standard
12525,125,Gardiner,Ulster,Standard
12526,125,Germantown,Columbia,Standard
12527,125,Glenham,Dutchess,P.O. Box
12528,125,Highland,Ulster,Standard
12529,125,Hillsdale,Columbia,Standard
12530,125,Hollowville,Columbia,P.O. Box
12531,125,Holmes,Dutchess,Standard
12533,125,Hopewell Junction,Dutchess,Standard
12534,125,Hudson,Columbia,Standard
12537,125,Hughsonville,Dutchess,P.O. Box
12538,125,Hyde Park,Dutchess,Standard
12540,125,Lagrangeville,Dutchess,Standard
12541,125,Livingston,Columbia,P.O. Box
12542,125,Marlboro,Ulster,Standard
12543,125,Maybrook,Orange,Standard
12544,125,Mellenville,Columbia,P.O. Box
12545,125,Millbrook,Dutchess,Standard
12546,125,Millerton,Dutchess,Standard
12547,125,Milton,Ulster,Standard
12548,125,Modena,Ulster,Standard
12549,125,Montgomery,Orange,Standard
12550,125,Newburgh,Orange,Standard
12551,125,Newburgh,Orange,P.O. Box
12552,125,Newburgh,Orange,P.O. Box
12553,125,New Windsor,Orange,Standard
12555,125,Newburgh,Orange,P.O. Box
12561,125,New Paltz,Ulster,Standard
12563,125,Patterson,Putnam,Standard
12564,125,Pawling,Dutchess,Standard
12565,125,Philmont,Columbia,Standard
12566,125,Pine Bush,Orange,Standard
12567,125,Pine Plains,Dutchess,Standard
12568,125,Plattekill,Ulster,P.O. Box
12569,125,Pleasant Valley,Dutchess,Standard
12570,125,Poughquag,Dutchess,Standard
12571,125,Red Hook,Dutchess,Standard
12572,125,Rhinebeck,Dutchess,Standard
12574,125,Rhinecliff,Dutchess,P.O. Box
12575,125,Rock Tavern,Orange,Standard
12577,125,Salisbury Mills,Orange,Standard
12578,125,Salt Point,Dutchess,Standard
12580,125,Staatsburg,Dutchess,Standard
12581,125,Stanfordville,Dutchess,Standard
12582,125,Stormville,Dutchess,Standard
12583,125,Tivoli,Dutchess,Standard
12584,125,Vails Gate,Orange,P.O. Box
12585,125,Verbank,Dutchess,Standard
12586,125,Walden,Orange,Standard
12588,125,Walker Valley,Ulster,P.O. Box
12589,125,Wallkill,Ulster,Standard
12590,125,Wappingers Falls,Dutchess,Standard
12592,125,Wassaic,Dutchess,Standard
12594,125,Wingdale,Dutchess,Standard
12601,126,Poughkeepsie,Dutchess,Standard
12602,126,Poughkeepsie,Dutchess,P.O. Box
12603,126,Poughkeepsie,Dutchess,Standard
12604,126,Poughkeepsie,Dutchess,Unique
12701,127,Monticello,Sullivan,Standard
12719,127,Barryville,Sullivan,Standard
12720,127,Bethel,Sullivan,Standard
12721,127,Bloomingburg,Sullivan,Standard
12722,127,Burlingham,Sullivan,P.O. Box
12723,127,Callicoon,Sullivan,Standard
12724,127,Callicoon Center,Sullivan,P.O. Box
12725,127,Claryville,Sullivan,Standard
12726,127,Cochecton,Sullivan,Standard
12727,127,Cochecton,Sullivan,Standard
12729,127,Cuddebackville,Orange,Standard
12732,127,Eldred,Sullivan,Standard
12733,127,Fallsburg,Sullivan,Standard
12734,127,Ferndale,Sullivan,Standard
12736,127,Fremont Center,Sullivan,Standard
12737,127,Glen Spey,Sullivan,Standard
12738,127,Glen Wild,Sullivan,Standard
12740,127,Grahamsville,Sullivan,Standard
12741,127,Hankins,Sullivan,Standard
12742,127,Harris,Sullivan,Standard
12743,127,Highland Lake,Sullivan,Standard
12745,127,Hortonville,Sullivan,Standard
12746,127,Huguenot,Orange,Standard
12747,127,Hurleyville,Sullivan,Standard
12748,127,Jeffersonville,Sullivan,Standard
12749,127,Kauneonga Lake,Sullivan,P.O. Box
12750,127,Kenoza Lake,Sullivan,Standard
12751,127,Kiamesha Lake,Sullivan,Standard
12752,127,Lake Huntington,Sullivan,Standard
12754,127,Liberty,Sullivan,Standard
12758,127,Livingston Manor,Sullivan,Standard
12759,127,Loch Sheldrake,Sullivan,Standard
12760,127,Long Eddy,Sullivan,Standard
12762,127,Mongaup Valley,Sullivan,Standard
12763,127,Mountain Dale,Sullivan,Standard
12764,127,Narrowsburg,Sullivan,Standard
12765,127,Neversink,Sullivan,Standard
12766,127,North Branch,Sullivan,Standard
12767,127,Obernburg,Sullivan,P.O. Box
12768,127,Parksville,Sullivan,Standard
12769,127,Phillipsport,Sullivan,P.O. Box
12770,127,Pond Eddy,Sullivan,Standard
12771,127,Port Jervis,Orange,Standard
12775,127,Rock Hill,Sullivan,Standard
12776,127,Roscoe,Sullivan,Standard
12777,127,Forestburgh,Sullivan,Standard
12778,127,Smallwood,Sullivan,P.O. Box
12779,127,South Fallsburg,Sullivan,Standard
12780,127,Sparrow Bush,Orange,Standard
12781,127,Summitville,Sullivan,P.O. Box
12783,127,Swan Lake,Sullivan,Standard
12784,127,Thompsonville,Sullivan,P.O. Box
12785,127,Westbrookville,Sullivan,P.O. Box
12786,127,White Lake,Sullivan,Standard
12787,127,White Sulphur Springs,Sullivan,Standard
12788,127,Woodbourne,Sullivan,Standard
12789,127,Woodridge,Sullivan,Standard
12790,127,Wurtsboro,Sullivan,Standard
12791,127,Youngsville,Sullivan,Standard
12792,127,Yulan,Sullivan,Standard
12801,128,Glens Falls,Warren,Standard
12803,128,South Glens Falls,Saratoga,Standard
12804,128,Queensbury,Warren,Standard
12808,128,Adirondack,Warren,Standard
12809,128,Argyle,Washington,Standard
12810,128,Athol,Warren,Standard
12811,128,Bakers Mills,Warren,P.O. Box
12812,128,Blue Mountain Lake,Hamilton,Standard
12814,128,Bolton Landing,Warren,Standard
12815,128,Brant Lake,Warren,Standard
12816,128,Cambridge,Washington,Standard
12817,128,Chestertown,Warren,Standard
12819,128,Clemons,Washington,Standard
12820,128,Cleverdale,Warren,P.O. Box
12821,128,Comstock,Washington,Standard
12822,128,Corinth,Saratoga,Standard
12823,128,Cossayuna,Washington,Standard
12824,128,Diamond Point,Warren,Standard
12827,128,Fort Ann,Washington,Standard
12828,128,Fort Edward,Washington,Standard
12831,128,Gansevoort,Saratoga,Standard
12832,128,Granville,Washington,Standard
12833,128,Greenfield Center,Saratoga,Standard
12834,128,Greenwich,Washington,Standard
12835,128,Hadley,Saratoga,Standard
12836,128,Hague,Warren,Standard
12837,128,Hampton,Washington,Standard
12838,128,Hartford,Washington,Standard
12839,128,Hudson Falls,Washington,Standard
12841,128,Huletts Landing,Washington,P.O. Box
12842,128,Indian Lake,Hamilton,Standard
12843,128,Johnsburg,Warren,Standard
12844,128,Kattskill Bay,Warren,Standard
12845,128,Lake George,Warren,Standard
12846,128,Lake Luzerne,Warren,Standard
12847,128,Long Lake,Hamilton,Standard
12848,128,Middle Falls,Washington,P.O. Box
12849,128,Middle Granville,Washington,Standard
12850,128,Middle Grove,Saratoga,Standard
12851,128,Minerva,Essex,Standard
12852,128,Newcomb,Essex,Standard
12853,128,North Creek,Warren,Standard
12854,128,North Granville,Washington,Standard
12855,128,North Hudson,Essex,Standard
12856,128,North River,Warren,P.O. Box
12857,128,Olmstedville,Essex,Standard
12858,128,Paradox,Essex,Standard
12859,128,Porter Corners,Saratoga,Standard
12860,128,Pottersville,Warren,Standard
12861,128,Putnam Station,Washington,Standard
12862,128,Riparius,Warren,P.O. Box
12863,128,Rock City Falls,Saratoga,Standard
12864,128,Sabael,Hamilton,Standard
12865,128,Salem,Washington,Standard
12866,128,Saratoga Springs,Saratoga,Standard
12870,128,Schroon Lake,Essex,Standard
12871,128,Schuylerville,Saratoga,Standard
12872,128,Severance,Essex,P.O. Box
12873,128,Shushan,Washington,Standard
12874,128,Silver Bay,Warren,Standard
12878,128,Stony Creek,Warren,Standard
12879,128,Newcomb,Essex,Standard
12883,128,Ticonderoga,Essex,Standard
12884,128,Victory Mills,Saratoga,P.O. Box
12885,128,Warrensburg,Warren,Standard
12886,128,Wevertown,Warren,Standard
12887,128,Whitehall,Washington,Standard
12901,129,Plattsburgh,Clinton,Standard
12903,129,Plattsburgh,Clinton,Standard
12910,129,Altona,Clinton,Standard
12911,129,Keeseville,Clinton,Standard
12912,129,Au Sable Forks,Clinton,Standard
12913,129,Bloomingdale,Essex,Standard
12914,129,Bombay,Franklin,Standard
12915,129,Brainardsville,Franklin,P.O. Box
12916,129,Brushton,Franklin,Standard
12917,129,Burke,Franklin,Standard
12918,129,Cadyville,Clinton,Standard
12919,129,Champlain,Clinton,Standard
12920,129,Chateaugay,Franklin,Standard
12921,129,Chazy,Clinton,Standard
12922,129,Childwold,Saint Lawrence,Standard
12923,129,Churubusco,Clinton,Standard
12924,129,Keeseville,Clinton,Standard
12926,129,Constable,Franklin,Standard
12927,129,Cranberry Lake,Saint Lawrence,P.O. Box
12928,129,Crown Point,Essex,Standard
12929,129,Dannemora,Clinton,P.O. Box
12930,129,Dickinson Center,Franklin,Standard
12932,129,Elizabethtown,Essex,Standard
12933,129,Ellenburg,Clinton,P.O. Box
12934,129,Ellenburg Center,Clinton,Standard
12935,129,Ellenburg Depot,Clinton,Standard
12936,129,Essex,Essex,Standard
12937,129,Fort Covington,Franklin,Standard
12939,129,Gabriels,Franklin,P.O. Box
12941,129,Jay,Essex,Standard
12942,129,Keene,Essex,Standard
12943,129,Keene Valley,Essex,Standard
12944,129,Keeseville,Clinton,Standard
12945,129,Lake Clear,Franklin,Standard
12946,129,Lake Placid,Essex,Standard
12949,129,Lawrenceville,Saint Lawrence,Standard
12950,129,Lewis,Essex,Standard
12952,129,Lyon Mountain,Clinton,Standard
12953,129,Malone,Franklin,Standard
12955,129,Lyon Mountain,Clinton,Standard
12956,129,Mineville,Essex,Standard
12957,129,Moira,Franklin,Standard
12958,129,Mooers,Clinton,Standard
12959,129,Mooers Forks,Clinton,Standard
12960,129,Moriah,Essex,Standard
12961,129,Moriah Center,Essex,Standard
12962,129,Morrisonville,Clinton,Standard
12964,129,New Russia,Essex,Standard
12965,129,Nicholville,Saint Lawrence,Standard
12966,129,North Bangor,Franklin,Standard
12967,129,North Lawrence,Saint Lawrence,Standard
12969,129,Owls Head,Franklin,Standard
12970,129,Paul Smiths,Franklin,Standard
12972,129,Peru,Clinton,Standard
12973,129,Piercefield,Saint Lawrence,P.O. Box
12974,129,Port Henry,Essex,Standard
12975,129,Port Kent,Essex,P.O. Box
12976,129,Rainbow Lake,Franklin,P.O. Box
12977,129,Ray Brook,Essex,P.O. Box
12978,129,Redford,Clinton,Standard
12979,129,Rouses Point,Clinton,Standard
12980,129,Saint Regis Falls,Franklin,Standard
12981,129,Saranac,Clinton,Standard
12983,129,Saranac Lake,Franklin,Standard
12985,129,Schuyler Falls,Clinton,Standard
12986,129,Tupper Lake,Franklin,Standard
12987,129,Upper Jay,Essex,Standard
12989,129,Vermontville,Franklin,Standard
12992,129,West Chazy,Clinton,Standard
12993,129,Westport,Essex,Standard
12995,129,Whippleville,Franklin,P.O. Box
12996,129,Willsboro,Essex,Standard
12997,129,Wilmington,Essex,Standard
12998,129,Witherbee,Essex,Standard
13020,130,Apulia Station,Onondaga,P.O. Box
13021,130,Auburn,Cayuga,Standard
13022,130,Auburn,Cayuga,P.O. Box
13024,130,Auburn,Cayuga,Unique
13026,130,Aurora,Cayuga,Standard
13027,130,Baldwinsville,Onondaga,Standard
13028,130,Bernhards Bay,Oswego,Standard
13029,130,Brewerton,Onondaga,Standard
13030,130,Bridgeport,Onondaga,Standard
13031,130,Camillus,Onondaga,Standard
13032,130,Canastota,Madison,Standard
13033,130,Cato,Cayuga,Standard
13034,130,Cayuga,Cayuga,Standard
13035,130,Cazenovia,Madison,Standard
13036,130,Central Square,Oswego,Standard
13037,130,Chittenango,Madison,Standard
13039,130,Cicero,Onondaga,Standard
13040,130,Cincinnatus,Cortland,Standard
13041,130,Clay,Onondaga,Standard
13042,130,Cleveland,Oswego,Standard
13043,130,Clockville,Madison,P.O. Box
13044,130,Constantia,Oswego,Standard
13045,130,Cortland,Cortland,Standard
13051,130,Delphi Falls,Onondaga,P.O. Box
13052,130,De Ruyter,Madison,Standard
13053,130,Dryden,Tompkins,Standard
13054,130,Durhamville,Oneida,Standard
13056,130,East Homer,Cortland,P.O. Box
13057,130,East Syracuse,Onondaga,Standard
13060,130,Elbridge,Onondaga,Standard
13061,130,Erieville,Madison,Standard
13062,130,Etna,Tompkins,P.O. Box
13063,130,Fabius,Onondaga,Standard
13064,130,Fair Haven,Cayuga,P.O. Box
13065,130,Fayette,Seneca,P.O. Box
13066,130,Fayetteville,Onondaga,Standard
13068,130,Freeville,Tompkins,Standard
13069,130,Fulton,Oswego,Standard
13071,130,Genoa,Cayuga,Standard
13072,130,Georgetown,Madison,Standard
13073,130,Groton,Tompkins,Standard
13074,130,Hannibal,Oswego,Standard
13076,130,Hastings,Oswego,Standard
13077,130,Homer,Cortland,Standard
13078,130,Jamesville,Onondaga,Standard
13080,130,Jordan,Onondaga,Standard
13081,130,King Ferry,Cayuga,Standard
13082,130,Kirkville,Onondaga,Standard
13083,130,Lacona,Oswego,Standard
13084,130,La Fayette,Onondaga,Standard
13087,130,Little York,Cortland,P.O. Box
13088,130,Liverpool,Onondaga,Standard
13089,130,Liverpool,Onondaga,P.O. Box
13090,130,Liverpool,Onondaga,Standard
13092,130,Locke,Cayuga,Standard
13093,130,Lycoming,Oswego,P.O. Box
13101,131,Mc Graw,Cortland,Standard
13102,131,Mc Lean,Tompkins,P.O. Box
13103,131,Mallory,Oswego,Standard
13104,131,Manlius,Onondaga,Standard
13107,131,Maple View,Oswego,P.O. Box
13108,131,Marcellus,Onondaga,Standard
13110,131,Marietta,Onondaga,Standard
13111,131,Martville,Cayuga,Standard
13112,131,Memphis,Onondaga,Standard
13113,131,Meridian,Cayuga,P.O. Box
13114,131,Mexico,Oswego,Standard
13115,131,Minetto,Oswego,P.O. Box
13116,131,Minoa,Onondaga,Standard
13117,131,Montezuma,Cayuga,P.O. Box
13118,131,Moravia,Cayuga,Standard
13119,131,Mottville,Onondaga,P.O. Box
13120,131,Nedrow,Onondaga,Standard
13121,131,New Haven,Oswego,P.O. Box
13122,131,New Woodstock,Madison,Standard
13123,131,North Bay,Oneida,P.O. Box
13124,131,North Pitcher,Chenango,Standard
13126,131,Oswego,Oswego,Standard
13131,131,Parish,Oswego,Standard
13132,131,Pennellville,Oswego,Standard
13134,131,Peterboro,Madison,P.O. Box
13135,131,Phoenix,Oswego,Standard
13136,131,Pitcher,Chenango,Standard
13137,131,Plainville,Onondaga,P.O. Box
13138,131,Pompey,Onondaga,P.O. Box
13139,131,Poplar Ridge,Cayuga,P.O. Box
13140,131,Port Byron,Cayuga,Standard
13141,131,Preble,Cortland,Standard
13142,131,Pulaski,Oswego,Standard
13143,131,Red Creek,Wayne,Standard
13144,131,Richland,Oswego,Standard
13145,131,Sandy Creek,Oswego,Standard
13146,131,Savannah,Wayne,Standard
13147,131,Scipio Center,Cayuga,Standard
13148,131,Seneca Falls,Seneca,Standard
13152,131,Skaneateles,Onondaga,Standard
13153,131,Skaneateles Falls,Onondaga,P.O. Box
13154,131,South Butler,Wayne,P.O. Box
13155,131,South Otselic,Chenango,Standard
13156,131,Sterling,Cayuga,Standard
13157,131,Sylvan Beach,Oneida,P.O. Box
13158,131,Truxton,Cortland,Standard
13159,131,Tully,Onondaga,Standard
13160,131,Union Springs,Cayuga,Standard
13162,131,Verona Beach,Oneida,P.O. Box
13163,131,Wampsville,Madison,P.O. Box
13164,131,Warners,Onondaga,Standard
13165,131,Waterloo,Seneca,Standard
13166,131,Weedsport,Cayuga,Standard
13167,131,West Monroe,Oswego,Standard
13201,132,Syracuse,Onondaga,P.O. Box
13202,132,Syracuse,Onondaga,Standard
13203,132,Syracuse,Onondaga,Standard
13204,132,Syracuse,Onondaga,Standard
13205,132,Syracuse,Onondaga,Standard
13206,132,Syracuse,Onondaga,Standard
13207,132,Syracuse,Onondaga,Standard
13208,132,Syracuse,Onondaga,Standard
13209,132,Syracuse,Onondaga,Standard
13210,132,Syracuse,Onondaga,Standard
13211,132,Syracuse,Onondaga,Standard
13212,132,Syracuse,Onondaga,Standard
13214,132,Syracuse,Onondaga,Standard
13215,132,Syracuse,Onondaga,Standard
13217,132,Syracuse,Onondaga,P.O. Box
13218,132,Syracuse,Onondaga,P.O. Box
13219,132,Syracuse,Onondaga,Standard
13220,132,Syracuse,Onondaga,P.O. Box
13221,132,Syracuse,Onondaga,P.O. Box
13224,132,Syracuse,Onondaga,Standard
13225,132,Syracuse,Onondaga,Unique
13235,132,Syracuse,Onondaga,P.O. Box
13244,132,Syracuse,Onondaga,Unique
13250,132,Syracuse,Onondaga,Unique
13251,132,Syracuse,Onondaga,Unique
13252,132,Syracuse,Onondaga,Unique
13261,132,Syracuse,Onondaga,P.O. Box
13290,132,Syracuse,Onondaga,P.O. Box
13301,133,Alder Creek,Oneida,Standard
13302,133,Altmar,Oswego,Standard
13303,133,Ava,Oneida,Standard
13304,133,Barneveld,Oneida,Standard
13305,133,Beaver Falls,Lewis,P.O. Box
13308,133,Blossvale,Oneida,Standard
13309,133,Boonville,Oneida,Standard
13310,133,Bouckville,Madison,Standard
13312,133,Brantingham,Lewis,P.O. Box
13313,133,Bridgewater,Oneida,P.O. Box
13314,133,Brookfield,Madison,Standard
13315,133,Burlington Flats,Otsego,Standard
13316,133,Camden,Oneida,Standard
13317,133,Canajoharie,Montgomery,Standard
13318,133,Cassville,Oneida,Standard
13319,133,Chadwicks,Oneida,Standard
13320,133,Cherry Valley,Otsego,Standard
13321,133,Clark Mills,Oneida,P.O. Box
13322,133,Clayville,Oneida,Standard
13323,133,Clinton,Oneida,Standard
13324,133,Cold Brook,Herkimer,Standard
13325,133,Constableville,Lewis,Standard
13326,133,Cooperstown,Otsego,Standard
13327,133,Croghan,Lewis,Standard
13328,133,Deansboro,Oneida,Standard
13329,133,Dolgeville,Herkimer,Standard
13331,133,Eagle Bay,Herkimer,Standard
13332,133,Earlville,Chenango,Standard
13333,133,East Springfield,Otsego,Standard
13334,133,Eaton,Madison,Standard
13335,133,Edmeston,Otsego,Standard
13337,133,Fly Creek,Otsego,Standard
13338,133,Forestport,Oneida,Standard
13339,133,Fort Plain,Montgomery,Standard
13340,133,Frankfort,Herkimer,Standard
13341,133,Franklin Springs,Oneida,P.O. Box
13342,133,Garrattsville,Otsego,Standard
13343,133,Glenfield,Lewis,Standard
13345,133,Greig,Lewis,Standard
13346,133,Hamilton,Madison,Standard
13348,133,Hartwick,Otsego,Standard
13350,133,Herkimer,Herkimer,Standard
13352,133,Hinckley,Oneida,P.O. Box
13353,133,Hoffmeister,Hamilton,P.O. Box
13354,133,Holland Patent,Oneida,Standard
13355,133,Hubbardsville,Madison,Standard
13357,133,Ilion,Herkimer,Standard
13360,133,Inlet,Hamilton,Standard
13361,133,Jordanville,Herkimer,Standard
13362,133,Knoxboro,Oneida,P.O. Box
13363,133,Lee Center,Oneida,Standard
13364,133,Leonardsville,Madison,P.O. Box
13365,133,Little Falls,Herkimer,Standard
13367,133,Lowville,Lewis,Standard
13368,133,Lyons Falls,Lewis,Standard
13401,134,Mc Connellsville,Oneida,P.O. Box
13402,134,Madison,Madison,Standard
13403,134,Marcy,Oneida,Standard
13404,134,Martinsburg,Lewis,P.O. Box
13406,134,Middleville,Herkimer,Standard
13407,134,Mohawk,Herkimer,Standard
13408,134,Morrisville,Madison,Standard
13409,134,Munnsville,Madison,Standard
13410,134,Nelliston,Montgomery,P.O. Box
13411,134,New Berlin,Chenango,Standard
13413,134,New Hartford,Oneida,Standard
13415,134,New Lisbon,Otsego,Standard
13416,134,Newport,Herkimer,Standard
13417,134,New York Mills,Oneida,Standard
13418,134,North Brookfield,Madison,Standard
13420,134,Old Forge,Herkimer,Standard
13421,134,Oneida,Madison,Standard
13424,134,Oriskany,Oneida,Standard
13425,134,Oriskany Falls,Oneida,Standard
13426,134,Orwell,Oswego,P.O. Box
13428,134,Palatine Bridge,Montgomery,Standard
13431,134,Poland,Herkimer,Standard
13433,134,Port Leyden,Lewis,Standard
13435,134,Prospect,Oneida,P.O. Box
13436,134,Raquette Lake,Hamilton,Standard
13437,134,Redfield,Oswego,Standard
13438,134,Remsen,Oneida,Standard
13439,134,Richfield Springs,Otsego,Standard
13440,134,Rome,Oneida,Standard
13441,134,Rome,Oneida,Standard
13442,134,Rome,Oneida,P.O. Box
13449,134,Rome,Oneida,Unique
13450,134,Roseboom,Otsego,Standard
13452,134,Saint Johnsville,Montgomery,Standard
13454,134,Salisbury Center,Herkimer,Standard
13455,134,Sangerfield,Oneida,P.O. Box
13456,134,Sauquoit,Oneida,Standard
13457,134,Schuyler Lake,Otsego,P.O. Box
13459,134,Sharon Springs,Schoharie,Standard
13460,134,Sherburne,Chenango,Standard
13461,134,Sherrill,Oneida,Standard
13464,134,Smyrna,Chenango,Standard
13465,134,Solsville,Madison,Standard
13468,134,Springfield Center,Otsego,Standard
13469,134,Stittville,Oneida,Standard
13470,134,Stratford,Fulton,Standard
13471,134,Taberg,Oneida,Standard
13472,134,Thendara,Herkimer,P.O. Box
13473,134,Turin,Lewis,Standard
13475,134,Van Hornesville,Herkimer,Standard
13476,134,Vernon,Oneida,Standard
13477,134,Vernon Center,Oneida,Standard
13478,134,Verona,Oneida,Standard
13479,134,Washington Mills,Oneida,P.O. Box
13480,134,Waterville,Oneida,Standard
13482,134,West Burlington,Otsego,Standard
13483,134,Westdale,Oneida,Standard
13484,134,West Eaton,Madison,P.O. Box
13485,134,West Edmeston,Madison,Standard
13486,134,Westernville,Oneida,Standard
13488,134,Westford,Otsego,Standard
13489,134,West Leyden,Lewis,Standard
13490,134,Westmoreland,Oneida,Standard
13491,134,West Winfield,Herkimer,Standard
13492,134,Whitesboro,Oneida,Standard
13493,134,Williamstown,Oswego,Standard
13494,134,Woodgate,Oneida,Standard
13495,134,Yorkville,Oneida,Standard
13501,135,Utica,Oneida,Standard
13502,135,Utica,Oneida,Standard
13503,135,Utica,Oneida,P.O. Box
13504,135,Utica,Oneida,P.O. Box
13505,135,Utica,Oneida,P.O. Box
13599,135,Utica,Oneida,Unique
13601,136,Watertown,Jefferson,Standard
13602,136,Fort Drum,Jefferson,Standard
13603,136,Watertown,Jefferson,Standard
13605,136,Adams,Jefferson,Standard
13606,136,Adams Center,Jefferson,Standard
13607,136,Alexandria Bay,Jefferson,Standard
13608,136,Antwerp,Jefferson,Standard
13611,136,Belleville,Jefferson,P.O. Box
13612,136,Black River,Jefferson,Standard
13613,136,Brasher Falls,Saint Lawrence,Standard
13614,136,Brier Hill,Saint Lawrence,Standard
13615,136,Brownville,Jefferson,P.O. Box
13616,136,Calcium,Jefferson,Standard
13617,136,Canton,Saint Lawrence,Standard
13618,136,Cape Vincent,Jefferson,Standard
13619,136,Carthage,Jefferson,Standard
13620,136,Castorland,Lewis,Standard
13621,136,Chase Mills,Saint Lawrence,Standard
13622,136,Chaumont,Jefferson,Standard
13623,136,Chippewa Bay,Saint Lawrence,P.O. Box
13624,136,Clayton,Jefferson,Standard
13625,136,Colton,Saint Lawrence,Standard
13626,136,Copenhagen,Lewis,Standard
13627,136,Deer River,Lewis,P.O. Box
13628,136,Deferiet,Jefferson,P.O. Box
13630,136,De Kalb Junction,Saint Lawrence,Standard
13631,136,Denmark,Lewis,P.O. Box
13632,136,Depauville,Jefferson,P.O. Box
13633,136,De Peyster,Saint Lawrence,Standard
13634,136,Dexter,Jefferson,Standard
13635,136,Edwards,Saint Lawrence,Standard
13636,136,Ellisburg,Jefferson,Standard
13637,136,Evans Mills,Jefferson,Standard
13638,136,Felts Mills,Jefferson,Standard
13639,136,Fine,Saint Lawrence,Standard
13640,136,Wellesley Island,Jefferson,Standard
13641,136,Fishers Landing,Jefferson,P.O. Box
13642,136,Gouverneur,Saint Lawrence,Standard
13643,136,Great Bend,Jefferson,P.O. Box
13645,136,Hailesboro,Saint Lawrence,P.O. Box
13646,136,Hammond,Saint Lawrence,Standard
13647,136,Hannawa Falls,Saint Lawrence,P.O. Box
13648,136,Harrisville,Lewis,Standard
13649,136,Helena,Saint Lawrence,P.O. Box
13650,136,Henderson,Jefferson,Standard
13651,136,Henderson Harbor,Jefferson,P.O. Box
13652,136,Hermon,Saint Lawrence,Standard
13654,136,Heuvelton,Saint Lawrence,Standard
13655,136,Hogansburg,Franklin,Standard
13656,136,La Fargeville,Jefferson,Standard
13657,136,Limerick,Jefferson,P.O. Box
13658,136,Lisbon,Saint Lawrence,Standard
13659,136,Lorraine,Jefferson,Standard
13660,136,Madrid,Saint Lawrence,Standard
13661,136,Mannsville,Jefferson,Standard
13662,136,Massena,Saint Lawrence,Standard
13664,136,Morristown,Saint Lawrence,Standard
13665,136,Natural Bridge,Jefferson,Standard
13666,136,Newton Falls,Saint Lawrence,P.O. Box
13667,136,Norfolk,Saint Lawrence,Standard
13668,136,Norwood,Saint Lawrence,Standard
13669,136,Ogdensburg,Saint Lawrence,Standard
13670,136,Oswegatchie,Saint Lawrence,Standard
13671,136,Antwerp,Jefferson,P.O. Box
13672,136,Parishville,Saint Lawrence,Standard
13673,136,Philadelphia,Jefferson,Standard
13674,136,Pierrepont Manor,Jefferson,P.O. Box
13675,136,Plessis,Jefferson,Standard
13676,136,Potsdam,Saint Lawrence,Standard
13677,136,Pyrites,Saint Lawrence,P.O. Box
13678,136,Raymondville,Saint Lawrence,P.O. Box
13679,136,Redwood,Jefferson,Standard
13680,136,Rensselaer Falls,Saint Lawrence,Standard
13681,136,Richville,Saint Lawrence,Standard
13682,136,Rodman,Jefferson,Standard
13683,136,Rooseveltown,Saint Lawrence,P.O. Box
13684,136,Russell,Saint Lawrence,Standard
13685,136,Sackets Harbor,Jefferson,Standard
13687,136,South Colton,Saint Lawrence,Standard
13690,136,Star Lake,Saint Lawrence,Standard
13691,136,Theresa,Jefferson,Standard
13692,136,Thousand Island Park,Jefferson,P.O. Box
13693,136,Three Mile Bay,Jefferson,Standard
13694,136,Waddington,Saint Lawrence,Standard
13695,136,Wanakena,Saint Lawrence,P.O. Box
13696,136,West Stockholm,Saint Lawrence,Standard
13697,136,Winthrop,Saint Lawrence,Standard
13699,136,Potsdam,Saint Lawrence,Unique
13730,137,Afton,Chenango,Standard
13731,137,Andes,Delaware,Standard
13732,137,Apalachin,Tioga,Standard
13733,137,Bainbridge,Chenango,Standard
13734,137,Barton,Tioga,Standard
13736,137,Berkshire,Tioga,Standard
13737,137,Bible School Park,Broome,P.O. Box
13738,137,Blodgett Mills,Cortland,P.O. Box
13739,137,Bloomville,Delaware,Standard
13740,137,Bovina Center,Delaware,Standard
13743,137,Candor,Tioga,Standard
13744,137,Castle Creek,Broome,Standard
13745,137,Chenango Bridge,Broome,P.O. Box
13746,137,Chenango Forks,Broome,Standard
13747,137,Colliersville,Otsego,P.O. Box
13748,137,Conklin,Broome,Standard
13749,137,Corbettsville,Broome,P.O. Box
13750,137,Davenport,Delaware,Standard
13751,137,Davenport Center,Delaware,Standard
13752,137,Delancey,Delaware,Standard
13753,137,Delhi,Delaware,Standard
13754,137,Deposit,Broome,Standard
13755,137,Downsville,Delaware,Standard
13756,137,East Branch,Delaware,Standard
13757,137,East Meredith,Delaware,Standard
13758,137,East Pharsalia,Chenango,P.O. Box
13760,137,Endicott,Broome,Standard
13761,137,Endicott,Broome,P.O. Box
13762,137,Endwell,Broome,P.O. Box
13763,137,Endicott,Broome,P.O. Box
13774,137,Fishs Eddy,Delaware,P.O. Box
13775,137,Franklin,Delaware,Standard
13776,137,Gilbertsville,Otsego,Standard
13777,137,Glen Aubrey,Broome,Standard
13778,137,Greene,Chenango,Standard
13780,137,Guilford,Chenango,Standard
13782,137,Hamden,Delaware,Standard
13783,137,Hancock,Delaware,Standard
13784,137,Harford,Cortland,P.O. Box
13786,137,Harpersfield,Delaware,Standard
13787,137,Harpursville,Broome,Standard
13788,137,Hobart,Delaware,Standard
13790,137,Johnson City,Broome,Standard
13794,137,Killawog,Broome,P.O. Box
13795,137,Kirkwood,Broome,Standard
13796,137,Laurens,Otsego,Standard
13797,137,Lisle,Broome,Standard
13801,138,Mc Donough,Chenango,Standard
13802,138,Maine,Broome,Standard
13803,138,Marathon,Cortland,Standard
13804,138,Masonville,Delaware,Standard
13806,138,Meridale,Delaware,Standard
13807,138,Milford,Otsego,Standard
13808,138,Morris,Otsego,Standard
13809,138,Mount Upton,Chenango,Standard
13810,138,Mount Vision,Otsego,Standard
13811,138,Newark Valley,Tioga,Standard
13812,138,Nichols,Tioga,Standard
13813,138,Nineveh,Broome,Standard
13814,138,North Norwich,Chenango,P.O. Box
13815,138,Norwich,Chenango,Standard
13820,138,Oneonta,Otsego,Standard
13825,138,Otego,Otsego,Standard
13826,138,Ouaquaga,Broome,Standard
13827,138,Owego,Tioga,Standard
13830,138,Oxford,Chenango,Standard
13832,138,Plymouth,Chenango,Standard
13833,138,Port Crane,Broome,Standard
13834,138,Portlandville,Otsego,Standard
13835,138,Richford,Tioga,Standard
13838,138,Sidney,Delaware,Standard
13839,138,Sidney Center,Delaware,Standard
13840,138,Smithboro,Tioga,P.O. Box
13841,138,Smithville Flats,Chenango,Standard
13842,138,South Kortright,Delaware,Standard
13843,138,South New Berlin,Chenango,Standard
13844,138,South Plymouth,Chenango,Standard
13845,138,Tioga Center,Tioga,P.O. Box
13846,138,Treadwell,Delaware,Standard
13847,138,Trout Creek,Delaware,P.O. Box
13848,138,Tunnel,Broome,P.O. Box
13849,138,Unadilla,Otsego,Standard
13850,138,Vestal,Broome,Standard
13851,138,Vestal,Broome,P.O. Box
13856,138,Walton,Delaware,Standard
13859,138,Wells Bridge,Otsego,Standard
13860,138,West Davenport,Delaware,P.O. Box
13861,138,West Oneonta,Otsego,Standard
13862,138,Whitney Point,Broome,Standard
13863,138,Willet,Cortland,Standard
13864,138,Willseyville,Tioga,Standard
13865,138,Windsor,Broome,Standard
13901,139,Binghamton,Broome,Standard
13902,139,Binghamton,Broome,P.O. Box
13903,139,Binghamton,Broome,Standard
13904,139,Binghamton,Broome,Standard
13905,139,Binghamton,Broome,Standard
14001,140,Akron,Erie,Standard
14004,140,Alden,Erie,Standard
14005,140,Alexander,Genesee,Standard
14006,140,Angola,Erie,Standard
14008,140,Appleton,Niagara,Standard
14009,140,Arcade,Wyoming,Standard
14010,140,Athol Springs,Erie,P.O. Box
14011,140,Attica,Wyoming,Standard
14012,140,Barker,Niagara,Standard
14013,140,Basom,Genesee,Standard
14020,140,Batavia,Genesee,Standard
14021,140,Batavia,Genesee,P.O. Box
14024,140,Bliss,Wyoming,Standard
14025,140,Boston,Erie,Standard
14026,140,Bowmansville,Erie,Standard
14027,140,Brant,Erie,P.O. Box
14028,140,Burt,Niagara,Standard
14029,140,Centerville,Allegany,P.O. Box
14030,140,Chaffee,Erie,Standard
14031,140,Clarence,Erie,Standard
14032,140,Clarence Center,Erie,Standard
14033,140,Colden,Erie,Standard
14034,140,Collins,Erie,Standard
14035,140,Collins Center,Erie,P.O. Box
14036,140,Corfu,Genesee,Standard
14037,140,Cowlesville,Wyoming,Standard
14038,140,Crittenden,Erie,P.O. Box
14039,140,Dale,Wyoming,Standard
14040,140,Darien Center,Genesee,Standard
14041,140,Dayton,Cattaraugus,Standard
14042,140,Delevan,Cattaraugus,Standard
14043,140,Depew,Erie,Standard
14047,140,Derby,Erie,Standard
14048,140,Dunkirk,Chautauqua,Standard
14051,140,East Amherst,Erie,Standard
14052,140,East Aurora,Erie,Standard
14054,140,East Bethany,Genesee,Standard
14055,140,East Concord,Erie,Standard
14056,140,East Pembroke,Genesee,P.O. Box
14057,140,Eden,Erie,Standard
14058,140,Elba,Genesee,Standard
14059,140,Elma,Erie,Standard
14060,140,Farmersville Station,Cattaraugus,Standard
14061,140,Farnham,Erie,P.O. Box
14062,140,Forestville,Chautauqua,Standard
14063,140,Fredonia,Chautauqua,Standard
14065,140,Freedom,Cattaraugus,Standard
14066,140,Gainesville,Wyoming,Standard
14067,140,Gasport,Niagara,Standard
14068,140,Getzville,Erie,Standard
14069,140,Glenwood,Erie,Standard
14070,140,Gowanda,Cattaraugus,Standard
14072,140,Grand Island,Erie,Standard
14075,140,Hamburg,Erie,Standard
14080,140,Holland,Erie,Standard
14081,140,Irving,Chautauqua,Standard
14082,140,Java Center,Wyoming,Standard
14083,140,Java Village,Wyoming,Standard
14085,140,Lake View,Erie,Standard
14086,140,Lancaster,Erie,Standard
14091,140,Lawtons,Erie,Standard
14092,140,Lewiston,Niagara,Standard
14094,140,Lockport,Niagara,Standard
14095,140,Lockport,Niagara,P.O. Box
14098,140,Lyndonville,Orleans,Standard
14101,141,Machias,Cattaraugus,Standard
14102,141,Marilla,Erie,Standard
14103,141,Medina,Orleans,Standard
14105,141,Middleport,Niagara,Standard
14107,141,Model City,Niagara,P.O. Box
14108,141,Newfane,Niagara,Standard
14109,141,Niagara University,Niagara,P.O. Box
14110,141,North Boston,Erie,P.O. Box
14111,141,North Collins,Erie,Standard
14112,141,North Evans,Erie,P.O. Box
14113,141,North Java,Wyoming,Standard
14120,141,North Tonawanda,Niagara,Standard
14125,141,Oakfield,Genesee,Standard
14126,141,Olcott,Niagara,P.O. Box
14127,141,Orchard Park,Erie,Standard
14129,141,Perrysburg,Cattaraugus,Standard
14130,141,Pike,Wyoming,P.O. Box
14131,141,Ransomville,Niagara,Standard
14132,141,Sanborn,Niagara,Standard
14133,141,Sandusky,Cattaraugus,P.O. Box
14134,141,Sardinia,Erie,Standard
14135,141,Sheridan,Chautauqua,P.O. Box
14136,141,Silver Creek,Chautauqua,Standard
14138,141,South Dayton,Cattaraugus,Standard
14139,141,South Wales,Erie,Standard
14140,141,Spring Brook,Erie,P.O. Box
14141,141,Springville,Erie,Standard
14143,141,Stafford,Genesee,Standard
14144,141,Stella Niagara,Niagara,Standard
14145,141,Strykersville,Wyoming,Standard
14150,141,Tonawanda,Erie,Standard
14151,141,Tonawanda,Erie,P.O. Box
14166,141,Van Buren Point,Chautauqua,P.O. Box
14167,141,Varysburg,Wyoming,Standard
14168,141,Versailles,Cattaraugus,P.O. Box
14169,141,Wales Center,Erie,P.O. Box
14170,141,West Falls,Erie,Standard
14171,141,West Valley,Cattaraugus,Standard
14172,141,Wilson,Niagara,Standard
14173,141,Yorkshire,Cattaraugus,P.O. Box
14174,141,Youngstown,Niagara,Standard
14201,142,Buffalo,Erie,Standard
14202,142,Buffalo,Erie,Standard
14203,142,Buffalo,Erie,Standard
14204,142,Buffalo,Erie,Standard
14205,142,Buffalo,Erie,P.O. Box
14206,142,Buffalo,Erie,Standard
14207,142,Buffalo,Erie,Standard
14208,142,Buffalo,Erie,Standard
14209,142,Buffalo,Erie,Standard
14210,142,Buffalo,Erie,Standard
14211,142,Buffalo,Erie,Standard
14212,142,Buffalo,Erie,Standard
14213,142,Buffalo,Erie,Standard
14214,142,Buffalo,Erie,Standard
14215,142,Buffalo,Erie,Standard
14216,142,Buffalo,Erie,Standard
14217,142,Buffalo,Erie,Standard
14218,142,Buffalo,Erie,Standard
14219,142,Buffalo,Erie,Standard
14220,142,Buffalo,Erie,Standard
14221,142,Buffalo,Erie,Standard
14222,142,Buffalo,Erie,Standard
14223,142,Buffalo,Erie,Standard
14224,142,Buffalo,Erie,Standard
14225,142,Buffalo,Erie,Standard
14226,142,Buffalo,Erie,Standard
14227,142,Buffalo,Erie,Standard
14228,142,Buffalo,Erie,Standard
14231,142,Buffalo,Erie,P.O. Box
14233,142,Buffalo,Erie,Unique
14240,142,Buffalo,Erie,P.O. Box
14241,142,Buffalo,Erie,Unique
14260,142,Buffalo,Erie,Unique
14261,142,Buffalo,Erie,Unique
14263,142,Buffalo,Erie,Unique
14264,142,Buffalo,Erie,Unique
14265,142,Buffalo,Erie,Unique
14267,142,Buffalo,Erie,Unique
14269,142,Buffalo,Erie,Unique
14270,142,Buffalo,Erie,Unique
14272,142,Buffalo,Erie,Unique
14273,142,Buffalo,Erie,Unique
14276,142,Buffalo,Erie,Unique
14280,142,Buffalo,Erie,Unique
14301,143,Niagara Falls,Niagara,Standard
14302,143,Niagara Falls,Niagara,P.O. Box
14303,143,Niagara Falls,Niagara,Standard
14304,143,Niagara Falls,Niagara,Standard
14305,143,Niagara Falls,Niagara,Standard
14410,144,Adams Basin,Monroe,P.O. Box
14411,144,Albion,Orleans,Standard
14413,144,Alton,Wayne,P.O. Box
14414,144,Avon,Livingston,Standard
14415,144,Bellona,Yates,Standard
14416,144,Bergen,Genesee,Standard
14418,144,Branchport,Yates,Standard
14420,144,Brockport,Monroe,Standard
14422,144,Byron,Genesee,Standard
14423,144,Caledonia,Livingston,Standard
14424,144,Canandaigua,Ontario,Standard
14425,144,Farmington,Ontario,Standard
14427,144,Castile,Wyoming,Standard
14428,144,Churchville,Monroe,Standard
14429,144,Clarendon,Orleans,P.O. Box
14430,144,Clarkson,Monroe,P.O. Box
14432,144,Clifton Springs,Ontario,Standard
14433,144,Clyde,Wayne,Standard
14435,144,Conesus,Livingston,Standard
14437,144,Dansville,Livingston,Standard
14441,144,Dresden,Yates,Standard
14443,144,East Bloomfield,Ontario,P.O. Box
14445,144,East Rochester,Monroe,Standard
14449,144,East Williamson,Wayne,P.O. Box
14450,144,Fairport,Monroe,Standard
14452,144,Fancher,Orleans,P.O. Box
14453,144,Fishers,Ontario,P.O. Box
14454,144,Geneseo,Livingston,Standard
14456,144,Geneva,Ontario,Standard
14461,144,Gorham,Ontario,P.O. Box
14462,144,Groveland,Livingston,Standard
14463,144,Hall,Ontario,P.O. Box
14464,144,Hamlin,Monroe,Standard
14466,144,Hemlock,Livingston,Standard
14467,144,Henrietta,Monroe,Standard
14468,144,Hilton,Monroe,Standard
14469,144,Bloomfield,Ontario,Standard
14470,144,Holley,Orleans,Standard
14471,144,Honeoye,Ontario,Standard
14472,144,Honeoye Falls,Monroe,Standard
14475,144,Ionia,Ontario,Standard
14476,144,Kendall,Orleans,Standard
14477,144,Kent,Orleans,Standard
14478,144,Keuka Park,Yates,Standard
14479,144,Knowlesville,Orleans,Standard
14480,144,Lakeville,Livingston,Standard
14481,144,Leicester,Livingston,Standard
14482,144,Le Roy,Genesee,Standard
14485,144,Lima,Livingston,Standard
14486,144,Linwood,Livingston,Standard
14487,144,Livonia,Livingston,Standard
14488,144,Livonia Center,Livingston,P.O. Box
14489,144,Lyons,Wayne,Standard
14502,145,Macedon,Wayne,Standard
14504,145,Manchester,Ontario,Standard
14505,145,Marion,Wayne,Standard
14506,145,Mendon,Monroe,Standard
14507,145,Middlesex,Yates,Standard
14508,145,Morton,Monroe,P.O. Box
14510,145,Mount Morris,Livingston,Standard
14511,145,Mumford,Monroe,P.O. Box
14512,145,Naples,Ontario,Standard
14513,145,Newark,Wayne,Standard
14514,145,North Chili,Monroe,Standard
14515,145,North Greece,Monroe,P.O. Box
14516,145,North Rose,Wayne,Standard
14517,145,Nunda,Livingston,Standard
14518,145,Oaks Corners,Ontario,P.O. Box
14519,145,Ontario,Wayne,Standard
14520,145,Ontario Center,Wayne,P.O. Box
14521,145,Ovid,Seneca,Standard
14522,145,Palmyra,Wayne,Standard
14525,145,Pavilion,Genesee,Standard
14526,145,Penfield,Monroe,Standard
14527,145,Penn Yan,Yates,Standard
14529,145,Perkinsville,Steuben,P.O. Box
14530,145,Perry,Wyoming,Standard
14532,145,Phelps,Ontario,Standard
14533,145,Piffard,Livingston,Standard
14534,145,Pittsford,Monroe,Standard
14536,145,Portageville,Wyoming,Standard
14537,145,Port Gibson,Ontario,P.O. Box
14538,145,Pultneyville,Wayne,P.O. Box
14539,145,Retsof,Livingston,P.O. Box
14541,145,Romulus,Seneca,Standard
14542,145,Rose,Wayne,P.O. Box
14543,145,Rush,Monroe,Standard
14544,145,Rushville,Yates,Standard
14545,145,Scottsburg,Livingston,Standard
14546,145,Scottsville,Monroe,Standard
14547,145,Seneca Castle,Ontario,P.O. Box
14548,145,Shortsville,Ontario,Standard
14549,145,Silver Lake,Wyoming,P.O. Box
14550,145,Silver Springs,Wyoming,Standard
14551,145,Sodus,Wayne,Standard
14555,145,Sodus Point,Wayne,Standard
14556,145,Sonyea,Livingston,P.O. Box
14557,145,South Byron,Genesee,P.O. Box
14558,145,South Lima,Livingston,P.O. Box
14559,145,Spencerport,Monroe,Standard
14560,145,Springwater,Livingston,Standard
14561,145,Stanley,Ontario,Standard
14563,145,Union Hill,Wayne,P.O. Box
14564,145,Victor,Ontario,Standard
14568,145,Walworth,Wayne,Standard
14569,145,Warsaw,Wyoming,Standard
14571,145,Waterport,Orleans,Standard
14572,145,Wayland,Steuben,Standard
14580,145,Webster,Monroe,Standard
14585,145,West Bloomfield,Ontario,Standard
14586,145,West Henrietta,Monroe,Standard
14588,145,Willard,Seneca,P.O. Box
14589,145,Williamson,Wayne,Standard
14590,145,Wolcott,Wayne,Standard
14591,145,Wyoming,Wyoming,Standard
14592,145,York,Livingston,P.O. Box
14602,146,Rochester,Monroe,P.O. Box
14603,146,Rochester,Monroe,P.O. Box
14604,146,Rochester,Monroe,Standard
14605,146,Rochester,Monroe,Standard
14606,146,Rochester,Monroe,Standard
14607,146,Rochester,Monroe,Standard
14608,146,Rochester,Monroe,Standard
14609,146,Rochester,Monroe,Standard
14610,146,Rochester,Monroe,Standard
14611,146,Rochester,Monroe,Standard
14612,146,Rochester,Monroe,Standard
14613,146,Rochester,Monroe,Standard
14614,146,Rochester,Monroe,Standard
14615,146,Rochester,Monroe,Standard
14616,146,Rochester,Monroe,Standard
14617,146,Rochester,Monroe,Standard
14618,146,Rochester,Monroe,Standard
14619,146,Rochester,Monroe,Standard
14620,146,Rochester,Monroe,Standard
14621,146,Rochester,Monroe,Standard
14622,146,Rochester,Monroe,Standard
14623,146,Rochester,Monroe,Standard
14624,146,Rochester,Monroe,Standard
14625,146,Rochester,Monroe,Standard
14626,146,Rochester,Monroe,Standard
14627,146,Rochester,Monroe,P.O. Box
14638,146,Rochester,Monroe,Unique
14639,146,Rochester,Monroe,Unique
14642,146,Rochester,Monroe,Unique
14643,146,Rochester,Monroe,Unique
14644,146,Rochester,Monroe,Unique
14646,146,Rochester,Monroe,Unique
14647,146,Rochester,Monroe,Unique
14649,146,Rochester,Monroe,Unique
14650,146,Rochester,Monroe,Unique
14651,146,Rochester,Monroe,Unique
14652,146,Rochester,Monroe,Unique
14653,146,Rochester,Monroe,Unique
14692,146,Rochester,Monroe,P.O. Box
14694,146,Rochester,Monroe,Unique
14701,147,Jamestown,Chautauqua,Standard
14702,147,Jamestown,Chautauqua,P.O. Box
14706,147,Allegany,Cattaraugus,Standard
14707,147,Allentown,Allegany,P.O. Box
14708,147,Alma,Allegany,Standard
14709,147,Angelica,Allegany,Standard
14710,147,Ashville,Chautauqua,Standard
14711,147,Belfast,Allegany,Standard
14712,147,Bemus Point,Chautauqua,Standard
14714,147,Black Creek,Allegany,Standard
14715,147,Bolivar,Allegany,Standard
14716,147,Brocton,Chautauqua,Standard
14717,147,Caneadea,Allegany,Standard
14718,147,Cassadaga,Chautauqua,Standard
14719,147,Cattaraugus,Cattaraugus,Standard
14720,147,Celoron,Chautauqua,P.O. Box
14721,147,Ceres,Allegany,Standard
14722,147,Chautauqua,Chautauqua,P.O. Box
14723,147,Cherry Creek,Chautauqua,Standard
14724,147,Clymer,Chautauqua,Standard
14726,147,Conewango Valley,Cattaraugus,Standard
14727,147,Cuba,Allegany,Standard
14728,147,Dewittville,Chautauqua,Standard
14729,147,East Otto,Cattaraugus,Standard
14730,147,East Randolph,Cattaraugus,P.O. Box
14731,147,Ellicottville,Cattaraugus,Standard
14732,147,Ellington,Chautauqua,P.O. Box
14733,147,Falconer,Chautauqua,Standard
14735,147,Fillmore,Allegany,Standard
14736,147,Findley Lake,Chautauqua,Standard
14737,147,Franklinville,Cattaraugus,Standard
14738,147,Frewsburg,Chautauqua,Standard
14739,147,Friendship,Allegany,Standard
14740,147,Gerry,Chautauqua,Standard
14741,147,Great Valley,Cattaraugus,Standard
14742,147,Greenhurst,Chautauqua,P.O. Box
14743,147,Hinsdale,Cattaraugus,Standard
14744,147,Houghton,Allegany,Standard
14745,147,Hume,Allegany,P.O. Box
14747,147,Kennedy,Chautauqua,Standard
14748,147,Kill Buck,Cattaraugus,Standard
14750,147,Lakewood,Chautauqua,Standard
14751,147,Leon,Cattaraugus,P.O. Box
14752,147,Lily Dale,Chautauqua,P.O. Box
14753,147,Limestone,Cattaraugus,Standard
14754,147,Little Genesee,Allegany,Standard
14755,147,Little Valley,Cattaraugus,Standard
14756,147,Maple Springs,Chautauqua,P.O. Box
14757,147,Mayville,Chautauqua,Standard
14758,147,Niobe,Chautauqua,P.O. Box
14760,147,Olean,Cattaraugus,Standard
14766,147,Otto,Cattaraugus,P.O. Box
14767,147,Panama,Chautauqua,Standard
14769,147,Portland,Chautauqua,Standard
14770,147,Portville,Cattaraugus,Standard
14772,147,Randolph,Cattaraugus,Standard
14774,147,Richburg,Allegany,P.O. Box
14775,147,Ripley,Chautauqua,Standard
14777,147,Rushford,Allegany,Standard
14778,147,Saint Bonaventure,Cattaraugus,P.O. Box
14779,147,Salamanca,Cattaraugus,Standard
14781,147,Sherman,Chautauqua,Standard
14782,147,Sinclairville,Chautauqua,Standard
14783,147,Steamburg,Cattaraugus,P.O. Box
14784,147,Stockton,Chautauqua,Standard
14785,147,Stow,Chautauqua,P.O. Box
14786,147,West Clarksville,Allegany,P.O. Box
14787,147,Westfield,Chautauqua,Standard
14788,147,Westons Mills,Cattaraugus,P.O. Box
14801,148,Addison,Steuben,Standard
14802,148,Alfred,Allegany,Standard
14803,148,Alfred Station,Allegany,Standard
14804,148,Almond,Allegany,Standard
14805,148,Alpine,Schuyler,Standard
14806,148,Andover,Allegany,Standard
14807,148,Arkport,Steuben,Standard
14808,148,Atlanta,Steuben,Standard
14809,148,Avoca,Steuben,Standard
14810,148,Bath,Steuben,Standard
14812,148,Beaver Dams,Schuyler,Standard
14813,148,Belmont,Allegany,Standard
14814,148,Big Flats,Chemung,Standard
14815,148,Bradford,Schuyler,Standard
14816,148,Breesport,Chemung,Standard
14817,148,Brooktondale,Tompkins,Standard
14818,148,Burdett,Schuyler,Standard
14819,148,Cameron,Steuben,Standard
14820,148,Cameron Mills,Steuben,Standard
14821,148,Campbell,Steuben,Standard
14822,148,Canaseraga,Allegany,Standard
14823,148,Canisteo,Steuben,Standard
14824,148,Cayuta,Schuyler,Standard
14825,148,Chemung,Chemung,Standard
14826,148,Cohocton,Steuben,Standard
14827,148,Coopers Plains,Steuben,P.O. Box
14830,148,Corning,Steuben,Standard
14831,148,Corning,Steuben,Unique
14836,148,Dalton,Livingston,Standard
14837,148,Dundee,Yates,Standard
14838,148,Erin,Chemung,Standard
14839,148,Greenwood,Steuben,Standard
14840,148,Hammondsport,Steuben,Standard
14841,148,Hector,Schuyler,Standard
14842,148,Himrod,Yates,Standard
14843,148,Hornell,Steuben,Standard
14845,148,Horseheads,Chemung,Standard
14846,148,Hunt,Livingston,Standard
14847,148,Interlaken,Seneca,Standard
14850,148,Ithaca,Tompkins,Standard
14851,148,Ithaca,Tompkins,P.O. Box
14852,148,Ithaca,Tompkins,P.O. Box
14853,148,Ithaca,Tompkins,Standard
14854,148,Jacksonville,Tompkins,P.O. Box
14855,148,Jasper,Steuben,Standard
14856,148,Kanona,Steuben,P.O. Box
14857,148,Lakemont,Yates,P.O. Box
14858,148,Lindley,Steuben,Standard
14859,148,Lockwood,Tioga,Standard
14860,148,Lodi,Seneca,Standard
14861,148,Lowman,Chemung,Standard
14863,148,Mecklenburg,Schuyler,P.O. Box
14864,148,Millport,Chemung,Standard
14865,148,Montour Falls,Schuyler,Standard
14867,148,Newfield,Tompkins,Standard
14869,148,Odessa,Schuyler,Standard
14870,148,Painted Post,Steuben,Standard
14871,148,Pine City,Chemung,Standard
14872,148,Pine Valley,Chemung,Standard
14873,148,Prattsburgh,Steuben,Standard
14874,148,Pulteney,Steuben,Standard
14876,148,Reading Center,Schuyler,P.O. Box
14877,148,Rexville,Steuben,Standard
14878,148,Rock Stream,Schuyler,Standard
14879,148,Savona,Steuben,Standard
14880,148,Scio,Allegany,Standard
14881,148,Slaterville Springs,Tompkins,Standard
14882,148,Lansing,Tompkins,Standard
14883,148,Spencer,Tioga,Standard
14884,148,Swain,Allegany,Standard
14885,148,Troupsburg,Steuben,Standard
14886,148,Trumansburg,Tompkins,Standard
14887,148,Tyrone,Schuyler,P.O. Box
14889,148,Van Etten,Chemung,Standard
14891,148,Watkins Glen,Schuyler,Standard
14892,148,Waverly,Tioga,Standard
14893,148,Wayne,Schuyler,P.O. Box
14894,148,Wellsburg,Chemung,Standard
14895,148,Wellsville,Allegany,Standard
14897,148,Whitesville,Allegany,Standard
14898,148,Woodhull,Steuben,Standard
14901,149,Elmira,Chemung,Standard
14902,149,Elmira,Chemung,P.O. Box
14903,149,Elmira,Chemung,Standard
14904,149,Elmira,Chemung,Standard
14905,149,Elmira,Chemung,Standard
